time_s,state,target_alt_m,setpoint_alt_m,alt_m,climb_setpoint_mps,climb_mps,thrust,p,i,d,integrator_frozen,loop_period_s
0.000,CLIMB_TO_HIGH,10.00,0.0000,0.0000,0.0000,-0.0001,0.49000,0.00000,0.00000,0.00000,1,0.0000
0.020,CLIMB_TO_HIGH,10.00,-0.0000,-0.0000,0.0000,-0.0001,0.49000,0.00000,0.00000,0.00000,1,0.0203
0.043,CLIMB_TO_HIGH,10.00,-0.0000,-0.0000,0.0000,-0.0001,0.49000,0.00000,0.00000,0.00000,1,0.0226
0.061,CLIMB_TO_HIGH,10.00,-0.0000,-0.0000,0.0000,-0.0001,0.49000,0.00000,0.00000,0.00000,1,0.0177
0.085,CLIMB_TO_HIGH,10.00,-0.0000,-0.0000,0.0000,-0.0001,0.49000,0.00000,0.00000,0.00000,1,0.0241
0.101,CLIMB_TO_HIGH,10.00,-0.0000,-0.0000,0.0000,-0.0001,0.49000,0.00000,0.00000,0.00000,1,0.0161
0.120,CLIMB_TO_HIGH,10.00,-0.0000,-0.0000,0.0000,-0.0001,0.49000,0.00000,0.00000,0.00000,1,0.0191
0.141,CLIMB_TO_HIGH,10.00,-0.0000,-0.0000,0.0000,-0.0001,0.49000,0.00000,0.00000,0.00000,1,0.0210
0.161,CLIMB_TO_HIGH,10.00,-0.0000,-0.0000,0.0000,-0.0001,0.49000,0.00000,0.00000,0.00000,1,0.0199
0.180,CLIMB_TO_HIGH,10.00,-0.0000,-0.0000,0.0000,-0.0001,0.49000,0.00000,0.00000,0.00000,1,0.0192
0.203,CLIMB_TO_HIGH,10.00,-0.0000,-0.0000,0.0000,-0.0001,0.49000,0.00000,0.00000,0.00000,1,0.0234
0.221,CLIMB_TO_HIGH,10.00,-0.0000,-0.0000,0.0000,-0.0001,0.49000,0.00000,0.00000,0.00000,1,0.0179
0.245,CLIMB_TO_HIGH,10.00,-0.0001,-0.0001,0.0000,-0.0002,0.49000,0.00000,0.00000,0.00000,1,0.0233
0.260,CLIMB_TO_HIGH,10.00,-0.0001,-0.0001,0.0000,-0.0002,0.49000,0.00000,0.00000,0.00000,1,0.0153
0.280,CLIMB_TO_HIGH,10.00,-0.0001,-0.0001,0.0000,-0.0001,0.49000,0.00000,0.00000,0.00000,1,0.0200
0.300,CLIMB_TO_HIGH,10.00,-0.0001,-0.0001,0.0000,-0.0001,0.49000,0.00000,0.00000,0.00000,1,0.0203
0.320,CLIMB_TO_HIGH,10.00,-0.0001,-0.0001,0.0000,-0.0001,0.49000,0.00000,0.00000,0.00000,1,0.0198
0.342,CLIMB_TO_HIGH,10.00,-0.0001,-0.0001,0.0000,-0.0001,0.49000,0.00000,0.00000,0.00000,1,0.0216
0.361,CLIMB_TO_HIGH,10.00,-0.0001,-0.0001,0.0000,-0.0001,0.49000,0.00000,0.00000,0.00000,1,0.0193
0.385,CLIMB_TO_HIGH,10.00,-0.0001,-0.0001,0.0000,-0.0001,0.49000,0.00000,0.00000,0.00000,1,0.0239
0.400,CLIMB_TO_HIGH,10.00,-0.0001,-0.0001,0.0000,-0.0001,0.49000,0.00000,0.00000,0.00000,1,0.0153
0.420,CLIMB_TO_HIGH,10.00,-0.0001,-0.0001,0.0000,-0.0001,0.49000,0.00000,0.00000,0.00000,1,0.0200
0.440,CLIMB_TO_HIGH,10.00,-0.0001,-0.0001,0.0000,-0.0001,0.49000,0.00000,0.00000,0.00000,1,0.0200
0.460,CLIMB_TO_HIGH,10.00,-0.0001,-0.0001,0.0000,-0.0001,0.49000,0.00000,0.00000,0.00000,1,0.0201
0.480,CLIMB_TO_HIGH,10.00,-0.0001,-0.0001,0.0000,-0.0001,0.49000,0.00000,0.00000,0.00000,1,0.0200
0.500,CLIMB_TO_HIGH,10.00,-0.0001,-0.0001,0.0000,-0.0001,0.49000,0.00000,0.00000,0.00000,1,0.0200
0.522,CLIMB_TO_HIGH,10.00,-0.0001,-0.0001,0.0000,-0.0001,0.49000,0.00000,0.00000,0.00000,1,0.0224
0.542,CLIMB_TO_HIGH,10.00,-0.0001,-0.0001,0.0000,-0.0001,0.49000,0.00000,0.00000,0.00000,1,0.0194
0.560,CLIMB_TO_HIGH,10.00,-0.0001,-0.0001,0.0000,-0.0001,0.49000,0.00000,0.00000,0.00000,1,0.0186
0.581,CLIMB_TO_HIGH,10.00,-0.0001,-0.0001,0.0000,-0.0001,0.49000,0.00000,0.00000,0.00000,1,0.0208
0.600,CLIMB_TO_HIGH,10.00,-0.0001,-0.0001,0.0000,-0.0001,0.49000,0.00000,0.00000,0.00000,1,0.0188
0.622,CLIMB_TO_HIGH,10.00,-0.0001,-0.0001,0.0000,-0.0001,0.49000,0.00000,0.00000,0.00000,1,0.0223
0.641,CLIMB_TO_HIGH,10.00,-0.0001,-0.0001,0.0000,-0.0001,0.49000,0.00000,0.00000,0.00000,1,0.0187
0.662,CLIMB_TO_HIGH,10.00,-0.0001,-0.0001,0.0000,-0.0001,0.49000,0.00000,0.00000,0.00000,1,0.0206
0.684,CLIMB_TO_HIGH,10.00,-0.0001,-0.0001,0.0000,-0.0001,0.49000,0.00000,0.00000,0.00000,1,0.0219
0.704,CLIMB_TO_HIGH,10.00,-0.0001,-0.0001,0.0000,-0.0001,0.49000,0.00000,0.00000,0.00000,1,0.0205
0.721,CLIMB_TO_HIGH,10.00,-0.0001,-0.0001,0.0000,-0.0001,0.49000,0.00000,0.00000,0.00000,1,0.0169
0.742,CLIMB_TO_HIGH,10.00,-0.0001,-0.0001,0.0000,-0.0002,0.49000,0.00000,0.00000,0.00000,1,0.0215
0.764,CLIMB_TO_HIGH,10.00,-0.0001,-0.0001,0.0000,-0.0002,0.49000,0.00000,0.00000,0.00000,1,0.0219
0.781,CLIMB_TO_HIGH,10.00,-0.0001,-0.0001,0.0000,-0.0002,0.49000,0.00000,0.00000,0.00000,1,0.0171
0.800,CLIMB_TO_HIGH,10.00,-0.0001,-0.0001,0.0000,-0.0001,0.49000,0.00000,0.00000,0.00000,1,0.0186
0.820,CLIMB_TO_HIGH,10.00,-0.0001,-0.0001,0.0000,-0.0001,0.49000,0.00000,0.00000,0.00000,1,0.0200
0.842,CLIMB_TO_HIGH,10.00,-0.0001,-0.0001,0.0000,-0.0001,0.49000,0.00000,0.00000,0.00000,1,0.0222
0.864,CLIMB_TO_HIGH,10.00,-0.0001,-0.0001,0.0000,-0.0002,0.49000,0.00000,0.00000,0.00000,1,0.0222
0.880,CLIMB_TO_HIGH,10.00,-0.0001,-0.0001,0.0000,-0.0002,0.49000,0.00000,0.00000,0.00000,1,0.0156
0.905,CLIMB_TO_HIGH,10.00,-0.0001,-0.0001,0.0000,-0.0002,0.49000,0.00000,0.00000,0.00000,1,0.0250
0.924,CLIMB_TO_HIGH,10.00,-0.0001,-0.0001,0.0000,-0.0002,0.49000,0.00000,0.00000,0.00000,1,0.0185
0.940,CLIMB_TO_HIGH,10.00,-0.0001,-0.0001,0.0000,-0.0002,0.49000,0.00000,0.00000,0.00000,1,0.0167
0.962,CLIMB_TO_HIGH,10.00,-0.0001,-0.0001,0.0000,-0.0002,0.49000,0.00000,0.00000,0.00000,1,0.0217
0.980,CLIMB_TO_HIGH,10.00,-0.0001,-0.0001,0.0000,-0.0002,0.49000,0.00000,0.00000,0.00000,1,0.0184
1.001,CLIMB_TO_HIGH,10.00,-0.0001,-0.0001,0.0000,-0.0002,0.49000,0.00000,0.00000,0.00000,1,0.0211
1.025,CLIMB_TO_HIGH,10.00,-0.0001,-0.0001,0.0000,-0.0002,0.49000,0.00000,0.00000,0.00000,1,0.0232
1.041,CLIMB_TO_HIGH,10.00,-0.0001,-0.0001,0.0000,-0.0002,0.49000,0.00000,0.00000,0.00000,1,0.0161
1.065,CLIMB_TO_HIGH,10.00,-0.0001,-0.0001,0.0000,-0.0001,0.49000,0.00000,0.00000,0.00000,1,0.0240
1.084,CLIMB_TO_HIGH,10.00,-0.0001,-0.0001,0.0000,-0.0001,0.49000,0.00000,0.00000,0.00000,1,0.0189
1.103,CLIMB_TO_HIGH,10.00,-0.0001,-0.0001,0.0000,-0.0002,0.49000,0.00000,0.00000,0.00000,1,0.0189
1.124,CLIMB_TO_HIGH,10.00,-0.0001,-0.0001,0.0000,-0.0002,0.49000,0.00000,0.00000,0.00000,1,0.0218
1.140,CLIMB_TO_HIGH,10.00,-0.0001,-0.0001,0.0000,-0.0002,0.49000,0.00000,0.00000,0.00000,1,0.0157
1.161,CLIMB_TO_HIGH,10.00,-0.0001,-0.0001,0.0000,-0.0002,0.49000,0.00000,0.00000,0.00000,1,0.0205
1.184,CLIMB_TO_HIGH,10.00,-0.0001,-0.0001,0.0000,-0.0002,0.49000,0.00000,0.00000,0.00000,1,0.0233
1.201,CLIMB_TO_HIGH,10.00,-0.0001,-0.0001,0.0000,-0.0002,0.49000,0.00000,0.00000,0.00000,1,0.0167
1.223,CLIMB_TO_HIGH,10.00,-0.0001,-0.0001,0.0000,-0.0002,0.49000,0.00000,0.00000,0.00000,1,0.0225
1.240,CLIMB_TO_HIGH,10.00,-0.0001,-0.0001,0.0000,-0.0002,0.49000,0.00000,0.00000,0.00000,1,0.0170
1.260,CLIMB_TO_HIGH,10.00,-0.0001,-0.0001,0.0000,-0.0002,0.49000,0.00000,0.00000,0.00000,1,0.0200
1.282,CLIMB_TO_HIGH,10.00,-0.0001,-0.0001,0.0000,-0.0002,0.49000,0.00000,0.00000,0.00000,1,0.0224
1.300,CLIMB_TO_HIGH,10.00,-0.0001,-0.0001,0.0000,-0.0002,0.49000,0.00000,0.00000,0.00000,1,0.0176
1.320,CLIMB_TO_HIGH,10.00,-0.0001,-0.0001,0.0000,-0.0002,0.49000,0.00000,0.00000,0.00000,1,0.0200
1.340,CLIMB_TO_HIGH,10.00,-0.0001,-0.0001,0.0000,-0.0002,0.49000,0.00000,0.00000,0.00000,1,0.0200
1.361,CLIMB_TO_HIGH,10.00,-0.0001,-0.0001,0.0000,-0.0002,0.49000,0.00000,0.00000,0.00000,1,0.0210
1.382,CLIMB_TO_HIGH,10.00,-0.0001,-0.0001,0.0000,-0.0002,0.49000,0.00000,0.00000,0.00000,1,0.0211
1.404,CLIMB_TO_HIGH,10.00,-0.0001,-0.0001,0.0000,-0.0001,0.49000,0.00000,0.00000,0.00000,1,0.0224
1.421,CLIMB_TO_HIGH,10.00,-0.0001,-0.0001,0.0000,-0.0002,0.49000,0.00000,0.00000,0.00000,1,0.0163
1.442,CLIMB_TO_HIGH,10.00,-0.0001,-0.0001,0.0000,-0.0002,0.49000,0.00000,0.00000,0.00000,1,0.0213
1.460,CLIMB_TO_HIGH,10.00,-0.0001,-0.0001,0.0000,-0.0002,0.49000,0.00000,0.00000,0.00000,1,0.0182
1.485,CLIMB_TO_HIGH,10.00,-0.0001,-0.0001,0.0000,-0.0002,0.49000,0.00000,0.00000,0.00000,1,0.0243
1.500,CLIMB_TO_HIGH,10.00,-0.0001,-0.0001,0.0000,-0.0002,0.49000,0.00000,0.00000,0.00000,1,0.0154
1.520,CLIMB_TO_HIGH,10.00,-0.0001,-0.0001,0.0000,-0.0002,0.49000,0.00000,0.00000,0.00000,1,0.0200
1.543,CLIMB_TO_HIGH,10.00,-0.0001,-0.0001,0.0000,-0.0002,0.49000,0.00000,0.00000,0.00000,1,0.0234
1.563,CLIMB_TO_HIGH,10.00,-0.0001,-0.0001,0.0000,-0.0002,0.49000,0.00000,0.00000,0.00000,1,0.0199
1.581,CLIMB_TO_HIGH,10.00,-0.0001,-0.0001,0.0000,-0.0002,0.49000,0.00000,0.00000,0.00000,1,0.0172
1.600,CLIMB_TO_HIGH,10.00,-0.0001,-0.0001,0.0000,-0.0001,0.49000,0.00000,0.00000,0.00000,1,0.0198
1.620,CLIMB_TO_HIGH,10.00,-0.0001,-0.0001,0.0000,-0.0002,0.49000,0.00000,0.00000,0.00000,1,0.0201
1.640,CLIMB_TO_HIGH,10.00,-0.0001,-0.0001,0.0000,-0.0002,0.49000,0.00000,0.00000,0.00000,1,0.0200
1.660,CLIMB_TO_HIGH,10.00,-0.0001,-0.0001,0.0000,-0.0001,0.49000,0.00000,0.00000,0.00000,1,0.0197
1.681,CLIMB_TO_HIGH,10.00,-0.0001,-0.0001,0.0000,-0.0001,0.49000,0.00000,0.00000,0.00000,1,0.0211
1.700,CLIMB_TO_HIGH,10.00,-0.0001,-0.0001,0.0000,-0.0001,0.49000,0.00000,0.00000,0.00000,1,0.0190
1.725,CLIMB_TO_HIGH,10.00,-0.0001,-0.0001,0.0000,-0.0001,0.49000,0.00000,0.00000,0.00000,1,0.0245
1.740,CLIMB_TO_HIGH,10.00,-0.0001,-0.0001,0.0000,-0.0001,0.49000,0.00000,0.00000,0.00000,1,0.0153
1.761,CLIMB_TO_HIGH,10.00,-0.0001,-0.0001,0.0000,-0.0001,0.49000,0.00000,0.00000,0.00000,1,0.0206
1.780,CLIMB_TO_HIGH,10.00,-0.0001,-0.0001,0.0000,-0.0001,0.49000,0.00000,0.00000,0.00000,1,0.0195
1.801,CLIMB_TO_HIGH,10.00,-0.0001,-0.0001,0.0000,-0.0001,0.49000,0.00000,0.00000,0.00000,1,0.0206
1.823,CLIMB_TO_HIGH,10.00,-0.0001,-0.0001,0.0000,-0.0002,0.49000,0.00000,0.00000,0.00000,1,0.0223
1.841,CLIMB_TO_HIGH,10.00,-0.0001,-0.0001,0.0000,-0.0002,0.49000,0.00000,0.00000,0.00000,1,0.0181
1.860,CLIMB_TO_HIGH,10.00,-0.0001,-0.0001,0.0000,-0.0001,0.49000,0.00000,0.00000,0.00000,1,0.0192
1.880,CLIMB_TO_HIGH,10.00,-0.0001,-0.0001,0.0000,-0.0001,0.49000,0.00000,0.00000,0.00000,1,0.0198
1.900,CLIMB_TO_HIGH,10.00,-0.0001,-0.0001,0.0000,-0.0001,0.49000,0.00000,0.00000,0.00000,1,0.0200
1.924,CLIMB_TO_HIGH,10.00,-0.0001,-0.0001,0.0000,-0.0001,0.49000,0.00000,0.00000,0.00000,1,0.0240
1.944,CLIMB_TO_HIGH,10.00,-0.0001,-0.0001,0.0000,-0.0001,0.49000,0.00000,0.00000,0.00000,1,0.0200
1.960,CLIMB_TO_HIGH,10.00,-0.0001,-0.0001,0.0000,-0.0001,0.49000,0.00000,0.00000,0.00000,1,0.0161
1.983,CLIMB_TO_HIGH,10.00,-0.0001,-0.0001,0.0000,-0.0001,0.49000,0.00000,0.00000,0.00000,1,0.0232
2.002,CLIMB_TO_HIGH,10.00,-0.0001,-0.0001,0.0000,-0.0001,0.49000,0.00000,0.00000,0.00000,1,0.0187
2.020,CLIMB_TO_HIGH,10.00,-0.0001,-0.0001,0.0000,-0.0001,0.49000,0.00000,0.00000,0.00000,1,0.0183
2.043,CLIMB_TO_HIGH,10.00,-0.0001,-0.0001,0.0000,-0.0001,0.49000,0.00000,0.00000,0.00000,1,0.0231
2.060,CLIMB_TO_HIGH,10.00,-0.0001,-0.0001,0.0000,-0.0001,0.49000,0.00000,0.00000,0.00000,1,0.0168
2.084,CLIMB_TO_HIGH,10.00,-0.0001,-0.0001,0.0000,-0.0001,0.49000,0.00000,0.00000,0.00000,1,0.0235
2.100,CLIMB_TO_HIGH,10.00,-0.0001,-0.0001,0.0000,-0.0001,0.49000,0.00000,0.00000,0.00000,1,0.0165
2.120,CLIMB_TO_HIGH,10.00,-0.0001,-0.0001,0.0000,-0.0001,0.49000,0.00000,0.00000,0.00000,1,0.0200
2.140,CLIMB_TO_HIGH,10.00,-0.0001,-0.0001,0.0000,-0.0001,0.49000,0.00000,0.00000,0.00000,1,0.0200
2.160,CLIMB_TO_HIGH,10.00,-0.0001,-0.0001,0.0000,-0.0001,0.49000,0.00000,0.00000,0.00000,1,0.0200
2.180,CLIMB_TO_HIGH,10.00,-0.0001,-0.0001,0.0000,-0.0001,0.49000,0.00000,0.00000,0.00000,1,0.0202
2.200,CLIMB_TO_HIGH,10.00,-0.0001,-0.0001,0.0000,-0.0001,0.49000,0.00000,0.00000,0.00000,1,0.0198
2.221,CLIMB_TO_HIGH,10.00,-0.0001,-0.0001,0.0000,-0.0001,0.49000,0.00000,0.00000,0.00000,1,0.0210
2.245,CLIMB_TO_HIGH,10.00,-0.0001,-0.0001,0.0000,-0.0001,0.49000,0.00000,0.00000,0.00000,1,0.0235
2.264,CLIMB_TO_HIGH,10.00,-0.0001,-0.0001,0.0000,-0.0001,0.49000,0.00000,0.00000,0.00000,1,0.0192
2.280,CLIMB_TO_HIGH,10.00,-0.0001,-0.0001,0.0000,-0.0001,0.49000,0.00000,0.00000,0.00000,1,0.0162
2.300,CLIMB_TO_HIGH,10.00,-0.0001,-0.0001,0.0000,-0.0001,0.49000,0.00000,0.00000,0.00000,1,0.0203
2.320,CLIMB_TO_HIGH,10.00,-0.0001,-0.0001,0.0000,-0.0001,0.49000,0.00000,0.00000,0.00000,1,0.0198
2.340,CLIMB_TO_HIGH,10.00,-0.0001,-0.0001,0.0000,-0.0001,0.49000,0.00000,0.00000,0.00000,1,0.0203
2.360,CLIMB_TO_HIGH,10.00,-0.0001,-0.0001,0.0000,-0.0001,0.49000,0.00000,0.00000,0.00000,1,0.0196
2.380,CLIMB_TO_HIGH,10.00,-0.0001,-0.0001,0.0000,-0.0001,0.49000,0.00000,0.00000,0.00000,1,0.0200
2.402,CLIMB_TO_HIGH,10.00,-0.0001,-0.0001,0.0000,-0.0001,0.49000,0.00000,0.00000,0.00000,1,0.0217
2.420,CLIMB_TO_HIGH,10.00,-0.0001,-0.0001,0.0000,-0.0001,0.49000,0.00000,0.00000,0.00000,1,0.0182
2.443,CLIMB_TO_HIGH,10.00,-0.0001,-0.0001,0.0000,-0.0001,0.49000,0.00000,0.00000,0.00000,1,0.0226
2.464,CLIMB_TO_HIGH,10.00,-0.0001,-0.0001,0.0000,-0.0001,0.49000,0.00000,0.00000,0.00000,1,0.0217
2.480,CLIMB_TO_HIGH,10.00,-0.0001,-0.0001,0.0000,-0.0001,0.49000,0.00000,0.00000,0.00000,1,0.0157
2.505,CLIMB_TO_HIGH,10.00,-0.0001,-0.0001,0.0000,-0.0000,0.49000,0.00000,0.00000,0.00000,1,0.0249
2.522,CLIMB_TO_HIGH,10.00,-0.0001,-0.0001,0.0000,-0.0000,0.49000,0.00000,0.00000,0.00000,1,0.0172
2.541,CLIMB_TO_HIGH,10.00,-0.0001,-0.0001,0.0000,0.0134,0.49000,0.00000,0.00000,0.00000,1,0.0188
2.560,CLIMB_TO_HIGH,10.00,0.0028,0.0028,0.0000,0.1289,0.49000,0.00000,0.00000,0.00000,1,0.0190
2.580,CLIMB_TO_HIGH,10.00,0.0028,0.0028,0.0000,0.1289,0.49000,0.00000,0.00000,0.00000,1,0.0203
2.600,CLIMB_TO_HIGH,10.00,0.0059,0.0059,0.0000,0.1774,0.49000,0.00000,0.00000,0.00000,1,0.0197
2.620,CLIMB_TO_HIGH,10.00,0.0099,0.0099,0.0000,0.2206,0.49000,0.00000,0.00000,0.00000,1,0.0204
2.640,CLIMB_TO_HIGH,10.00,0.0147,0.0147,0.0000,0.2581,0.49000,0.00000,0.00000,0.00000,1,0.0196
2.660,CLIMB_TO_HIGH,10.00,0.0263,0.0263,0.0000,0.3149,0.49000,0.00000,0.00000,0.00000,1,0.0200
2.680,CLIMB_TO_HIGH,10.00,0.0263,0.0263,0.0000,0.3149,0.49000,0.00000,0.00000,0.00000,1,0.0200
2.700,CLIMB_TO_HIGH,10.00,0.0328,0.0328,0.0000,0.3346,0.49000,0.00000,0.00000,0.00000,1,0.0200
2.724,CLIMB_TO_HIGH,10.00,0.0393,0.0393,0.0000,0.3486,0.49000,0.00000,0.00000,0.00000,1,0.0235
2.742,CLIMB_TO_HIGH,10.00,0.0462,0.0462,0.0000,0.3577,0.49000,0.00000,0.00000,0.00000,1,0.0185
2.763,CLIMB_TO_HIGH,10.00,0.0603,0.0603,0.0000,0.3633,0.49000,0.00000,0.00000,0.00000,1,0.0213
2.781,CLIMB_TO_HIGH,10.00,0.0603,0.0603,0.0000,0.3633,0.49000,0.00000,0.00000,0.00000,1,0.0172
2.801,CLIMB_TO_HIGH,10.00,0.0672,0.0672,0.0000,0.3610,0.49000,0.00000,0.00000,0.00000,1,0.0203
2.821,CLIMB_TO_HIGH,10.00,0.0812,0.0812,0.0000,0.3495,0.49000,0.00000,0.00000,0.00000,1,0.0205
2.840,CLIMB_TO_HIGH,10.00,0.0812,0.0812,0.0000,0.3495,0.49000,0.00000,0.00000,0.00000,1,0.0189
2.860,CLIMB_TO_HIGH,10.00,0.0879,0.0879,0.0000,0.3413,0.49000,0.00000,0.00000,0.00000,1,0.0199
2.883,CLIMB_TO_HIGH,10.00,0.0946,0.0946,0.0000,0.3324,0.49000,0.00000,0.00000,0.00000,1,0.0232
2.900,CLIMB_TO_HIGH,10.00,0.1010,0.1010,0.0000,0.3229,0.49000,0.00000,0.00000,0.00000,1,0.0167
2.921,CLIMB_TO_HIGH,10.00,0.1127,0.1127,0.0000,0.3040,0.49000,0.00000,0.00000,0.00000,1,0.0207
2.940,CLIMB_TO_HIGH,10.00,0.1127,0.1127,0.0000,0.3040,0.49000,0.00000,0.00000,0.00000,1,0.0198
2.960,CLIMB_TO_HIGH,10.00,0.1182,0.1182,0.0000,0.2951,0.49000,0.00000,0.00000,0.00000,1,0.0197
2.980,CLIMB_TO_HIGH,10.00,0.1297,0.1297,0.0000,0.3404,0.49000,0.00000,0.00000,0.00000,1,0.0202
3.005,CLIMB_TO_HIGH,10.00,0.1370,0.1370,0.0000,0.4207,0.49000,0.00000,0.00000,0.00000,1,0.0247
3.021,CLIMB_TO_HIGH,10.00,0.1463,0.1463,0.0000,0.5300,0.49000,0.00000,0.00000,0.00000,1,0.0163
3.040,CLIMB_TO_HIGH,10.00,0.1463,0.1463,0.0000,0.5300,0.49000,0.00000,0.00000,0.00000,1,0.0188
3.062,CLIMB_TO_HIGH,10.00,0.1578,0.1578,0.0000,0.6611,0.49000,0.00000,0.00000,0.00000,1,0.0224
3.080,CLIMB_TO_HIGH,10.00,0.1723,0.1723,0.0000,0.8072,0.49000,0.00000,0.00000,0.00000,1,0.0176
3.103,CLIMB_TO_HIGH,10.00,0.1898,0.1898,0.0000,0.9621,0.49000,0.00000,0.00000,0.00000,1,0.0231
3.122,CLIMB_TO_HIGH,10.00,0.2144,0.2144,0.0000,1.1218,0.49000,0.00000,0.00000,0.00000,1,0.0185
3.140,CLIMB_TO_HIGH,10.00,0.2708,0.2708,0.0000,1.4336,0.49000,0.00000,0.00000,0.00000,1,0.0184
3.160,CLIMB_TO_HIGH,10.00,0.2708,0.2708,0.0000,1.4336,0.49000,0.00000,0.00000,0.00000,1,0.0202
3.181,CLIMB_TO_HIGH,10.00,0.3338,0.3026,1.5624,1.5791,0.37829,-0.01165,-0.00005,0.00000,0,0.0208
3.205,CLIMB_TO_HIGH,10.00,0.3689,0.3768,1.4843,1.8119,0.15949,-0.22931,-0.00120,0.00000,0,0.0234
3.220,CLIMB_TO_HIGH,10.00,0.3921,0.3768,1.5306,1.8119,0.19127,-0.19688,-0.00186,0.00000,0,0.0154
3.241,CLIMB_TO_HIGH,10.00,0.4232,0.4148,1.5168,1.8274,0.16978,-0.21740,-0.00282,0.00000,0,0.0207
3.260,CLIMB_TO_HIGH,10.00,0.4522,0.4532,1.4979,1.7718,0.19461,-0.19178,-0.00361,0.00000,0,0.0193
3.280,CLIMB_TO_HIGH,10.00,0.4824,0.4892,1.4864,1.7044,0.23312,-0.15260,-0.00427,0.00000,0,0.0202
3.301,CLIMB_TO_HIGH,10.00,0.5132,0.5517,1.4229,1.5651,0.28572,-0.09957,-0.00471,0.00000,0,0.0205
3.323,CLIMB_TO_HIGH,10.00,0.5460,0.5517,1.4885,1.5651,0.33143,-0.05361,-0.00496,0.00000,0,0.0219
3.344,CLIMB_TO_HIGH,10.00,0.5774,0.6057,1.4433,1.4801,0.35920,-0.02572,-0.00508,0.00000,0,0.0209
3.364,CLIMB_TO_HIGH,10.00,0.6082,0.6057,1.5050,1.4801,0.40241,0.01741,-0.00500,0.00000,0,0.0205
3.380,CLIMB_TO_HIGH,10.00,0.6321,0.6331,1.4981,1.4603,0.41154,0.02646,-0.00491,0.00000,0,0.0159
3.400,CLIMB_TO_HIGH,10.00,0.6626,0.6583,1.5086,1.4485,0.42733,0.04206,-0.00473,0.00000,0,0.0203
3.420,CLIMB_TO_HIGH,10.00,0.6922,0.6839,1.5166,1.4501,0.43200,0.04654,-0.00453,0.00000,0,0.0197
3.442,CLIMB_TO_HIGH,10.00,0.7247,0.7114,1.5267,1.4572,0.43429,0.04860,-0.00431,0.00000,0,0.0217
3.460,CLIMB_TO_HIGH,10.00,0.7521,0.7376,1.5290,1.4640,0.43140,0.04553,-0.00413,0.00000,0,0.0183
3.480,CLIMB_TO_HIGH,10.00,0.7822,0.7655,1.5335,1.4717,0.42931,0.04325,-0.00394,0.00000,0,0.0201
3.505,CLIMB_TO_HIGH,10.00,0.8195,0.8214,1.4963,1.4841,0.39463,0.00853,-0.00390,0.00000,0,0.0248
3.520,CLIMB_TO_HIGH,10.00,0.8425,0.8214,1.5423,1.4841,0.42698,0.04075,-0.00376,0.00000,0,0.0153
3.540,CLIMB_TO_HIGH,10.00,0.8725,0.8508,1.5435,1.4819,0.42955,0.04313,-0.00358,0.00000,0,0.0200
3.563,CLIMB_TO_HIGH,10.00,0.9060,0.8799,1.5523,1.4868,0.43247,0.04583,-0.00336,0.00000,0,0.0223
3.584,CLIMB_TO_HIGH,10.00,0.9386,0.9377,1.5016,1.5072,0.38275,-0.00388,-0.00338,0.00000,0,0.0217
3.600,CLIMB_TO_HIGH,10.00,0.9621,0.9377,1.5487,1.5072,0.41575,0.02903,-0.00328,0.00000,0,0.0157
3.620,CLIMB_TO_HIGH,10.00,0.9921,0.9977,1.4888,1.5128,0.36984,-0.01681,-0.00335,0.00000,0,0.0200
3.640,CLIMB_TO_HIGH,10.00,1.0225,0.9977,1.5497,1.5128,0.41262,0.02586,-0.00324,0.00000,0,0.0203
3.660,CLIMB_TO_HIGH,10.00,1.0523,1.0277,1.5493,1.5076,0.41604,0.02915,-0.00311,0.00000,0,0.0199
3.680,CLIMB_TO_HIGH,10.00,1.0821,1.0577,1.5488,1.5112,0.41328,0.02628,-0.00300,0.00000,0,0.0198
3.700,CLIMB_TO_HIGH,10.00,1.1121,1.0878,1.5486,1.5225,0.40534,0.01826,-0.00292,0.00000,0,0.0200
3.725,CLIMB_TO_HIGH,10.00,1.1490,1.1488,1.5004,1.5423,0.35756,-0.02936,-0.00308,0.00000,0,0.0246
3.742,CLIMB_TO_HIGH,10.00,1.1755,1.1488,1.5534,1.5423,0.39472,0.00777,-0.00305,0.00000,0,0.0177
3.760,CLIMB_TO_HIGH,10.00,1.2021,1.1795,1.5452,1.5364,0.39316,0.00619,-0.00303,0.00000,0,0.0177
3.780,CLIMB_TO_HIGH,10.00,1.2321,1.2100,1.5442,1.5310,0.39620,0.00919,-0.00299,0.00000,0,0.0200
3.800,CLIMB_TO_HIGH,10.00,1.2621,1.2405,1.5431,1.5346,0.39302,0.00598,-0.00296,0.00000,0,0.0200
3.821,CLIMB_TO_HIGH,10.00,1.2929,1.2712,1.5434,1.5389,0.39020,0.00315,-0.00295,0.00000,0,0.0206
3.842,CLIMB_TO_HIGH,10.00,1.3248,1.3021,1.5454,1.5428,0.38892,0.00186,-0.00294,0.00000,0,0.0212
3.860,CLIMB_TO_HIGH,10.00,1.3521,1.3638,1.4765,1.5466,0.33781,-0.04906,-0.00313,0.00000,0,0.0182
3.880,CLIMB_TO_HIGH,10.00,1.3822,1.3638,1.5367,1.5466,0.37995,-0.00689,-0.00316,0.00000,0,0.0201
3.900,CLIMB_TO_HIGH,10.00,1.4121,1.3947,1.5348,1.5321,0.38877,0.00192,-0.00315,0.00000,0,0.0199
3.920,CLIMB_TO_HIGH,10.00,1.4423,1.4253,1.5340,1.5231,0.39454,0.00766,-0.00312,0.00000,0,0.0201
3.940,CLIMB_TO_HIGH,10.00,1.4721,1.4863,1.4717,1.5249,0.34949,-0.03723,-0.00328,0.00000,0,0.0199
3.961,CLIMB_TO_HIGH,10.00,1.5041,1.4863,1.5357,1.5249,0.39430,0.00754,-0.00324,0.00000,0,0.0213
3.980,CLIMB_TO_HIGH,10.00,1.5322,1.5167,1.5309,1.5140,0.39867,0.01187,-0.00320,0.00000,0,0.0187
4.000,CLIMB_TO_HIGH,10.00,1.5626,1.5787,1.4678,1.5149,0.35369,-0.03297,-0.00334,0.00000,0,0.0203
4.022,CLIMB_TO_HIGH,10.00,1.5952,1.5787,1.5331,1.5149,0.39942,0.01270,-0.00328,0.00000,0,0.0217
4.044,CLIMB_TO_HIGH,10.00,1.6288,1.6392,1.4792,1.4968,0.37433,-0.01233,-0.00334,0.00000,0,0.0223
4.060,CLIMB_TO_HIGH,10.00,1.6521,1.6693,1.4656,1.4943,0.36651,-0.02009,-0.00341,0.00000,0,0.0155
4.082,CLIMB_TO_HIGH,10.00,1.6855,1.6693,1.5324,1.4943,0.41338,0.02666,-0.00328,0.00000,0,0.0223
4.100,CLIMB_TO_HIGH,10.00,1.7124,1.7290,1.4669,1.4821,0.37601,-0.01067,-0.00332,0.00000,0,0.0180
4.120,CLIMB_TO_HIGH,10.00,1.7424,1.7290,1.5269,1.4821,0.41813,0.03132,-0.00319,0.00000,0,0.0200
4.141,CLIMB_TO_HIGH,10.00,1.7740,1.7587,1.5305,1.4806,0.42191,0.03494,-0.00303,0.00000,0,0.0211
4.160,CLIMB_TO_HIGH,10.00,1.8021,1.8187,1.4668,1.5015,0.36259,-0.02429,-0.00312,0.00000,0,0.0187
4.182,CLIMB_TO_HIGH,10.00,1.8352,1.8187,1.5330,1.5015,0.40906,0.02208,-0.00302,0.00000,0,0.0221
4.200,CLIMB_TO_HIGH,10.00,1.8624,1.8803,1.4642,1.4932,0.36661,-0.02029,-0.00310,0.00000,0,0.0181
4.224,CLIMB_TO_HIGH,10.00,1.8975,1.8803,1.5345,1.4932,0.41596,0.02891,-0.00295,0.00000,0,0.0234
4.244,CLIMB_TO_HIGH,10.00,1.9282,1.9402,1.4760,1.4836,0.38170,-0.00533,-0.00298,0.00000,0,0.0205
4.260,CLIMB_TO_HIGH,10.00,1.9527,1.9402,1.5251,1.4836,0.41616,0.02903,-0.00288,0.00000,0,0.0164
4.280,CLIMB_TO_HIGH,10.00,1.9827,1.9702,1.5249,1.4865,0.41414,0.02690,-0.00276,0.00000,0,0.0199
4.300,CLIMB_TO_HIGH,10.00,2.0122,2.0001,1.5241,1.4961,0.40692,0.01960,-0.00268,0.00000,0,0.0197
4.320,CLIMB_TO_HIGH,10.00,2.0421,2.0306,1.5231,1.5068,0.39875,0.01138,-0.00263,0.00000,0,0.0199
4.345,CLIMB_TO_HIGH,10.00,2.0795,2.0916,1.4759,1.5179,0.35779,-0.02942,-0.00279,0.00000,0,0.0250
4.362,CLIMB_TO_HIGH,10.00,2.1044,2.0916,1.5255,1.5179,0.39258,0.00534,-0.00277,0.00000,0,0.0166
4.383,CLIMB_TO_HIGH,10.00,2.1366,2.1222,1.5287,1.5072,0.40236,0.01506,-0.00270,0.00000,0,0.0215
4.402,CLIMB_TO_HIGH,10.00,2.1653,2.1829,1.4648,1.5062,0.35821,-0.02897,-0.00282,0.00000,0,0.0192
4.420,CLIMB_TO_HIGH,10.00,2.1921,2.2133,1.4575,1.4959,0.36023,-0.02685,-0.00292,0.00000,0,0.0179
4.442,CLIMB_TO_HIGH,10.00,2.2245,2.2133,1.5224,1.4959,0.40574,0.01857,-0.00283,0.00000,0,0.0216
4.462,CLIMB_TO_HIGH,10.00,2.2554,2.2433,1.5243,1.4790,0.41902,0.03172,-0.00269,0.00000,0,0.0206
4.484,CLIMB_TO_HIGH,10.00,2.2887,2.3030,1.4715,1.4904,0.37395,-0.01329,-0.00276,0.00000,0,0.0222
4.500,CLIMB_TO_HIGH,10.00,2.3121,2.3332,1.4579,1.4881,0.36607,-0.02110,-0.00283,0.00000,0,0.0156
4.522,CLIMB_TO_HIGH,10.00,2.3458,2.3332,1.5252,1.4881,0.41327,0.02598,-0.00270,0.00000,0,0.0224
4.540,CLIMB_TO_HIGH,10.00,2.3728,2.3631,1.5194,1.4758,0.41794,0.03052,-0.00259,0.00000,0,0.0180
4.563,CLIMB_TO_HIGH,10.00,2.4072,2.4226,1.4692,1.4910,0.37208,-0.01526,-0.00266,0.00000,0,0.0229
4.580,CLIMB_TO_HIGH,10.00,2.4321,2.4526,1.4592,1.4918,0.36441,-0.02285,-0.00274,0.00000,0,0.0167
4.605,CLIMB_TO_HIGH,10.00,2.4696,2.4830,1.4731,1.4785,0.38344,-0.00380,-0.00276,0.00000,0,0.0250
4.620,CLIMB_TO_HIGH,10.00,2.4925,2.4830,1.5190,1.4785,0.41565,0.02831,-0.00267,0.00000,0,0.0153
4.645,CLIMB_TO_HIGH,10.00,2.5294,2.5429,1.4730,1.4760,0.38521,-0.00210,-0.00268,0.00000,0,0.0246
4.662,CLIMB_TO_HIGH,10.00,2.5549,2.5429,1.5240,1.4760,0.42105,0.03361,-0.00256,0.00000,0,0.0170
4.680,CLIMB_TO_HIGH,10.00,2.5821,2.6031,1.4580,1.4863,0.36760,-0.01977,-0.00263,0.00000,0,0.0181
4.703,CLIMB_TO_HIGH,10.00,2.6164,2.6031,1.5266,1.4863,0.41575,0.02824,-0.00250,0.00000,0,0.0229
4.720,CLIMB_TO_HIGH,10.00,2.6421,2.6339,1.5163,1.4822,0.41146,0.02387,-0.00241,0.00000,0,0.0171
4.740,CLIMB_TO_HIGH,10.00,2.6721,2.6646,1.5150,1.4819,0.41083,0.02314,-0.00231,0.00000,0,0.0200
4.763,CLIMB_TO_HIGH,10.00,2.7063,2.6948,1.5231,1.4916,0.40979,0.02199,-0.00220,0.00000,0,0.0228
4.784,CLIMB_TO_HIGH,10.00,2.7385,2.7562,1.4646,1.5088,0.35672,-0.03093,-0.00234,0.00000,0,0.0214
4.802,CLIMB_TO_HIGH,10.00,2.7649,2.7562,1.5174,1.5088,0.39372,0.00604,-0.00232,0.00000,0,0.0176
4.820,CLIMB_TO_HIGH,10.00,2.7924,2.7877,1.5094,1.5033,0.39200,0.00430,-0.00230,0.00000,0,0.0183
4.845,CLIMB_TO_HIGH,10.00,2.8295,2.8188,1.5213,1.4944,0.40668,0.01889,-0.00220,0.00000,0,0.0247
4.863,CLIMB_TO_HIGH,10.00,2.8561,2.8492,1.5138,1.4942,0.40153,0.01369,-0.00215,0.00000,0,0.0178
4.880,CLIMB_TO_HIGH,10.00,2.8824,2.8802,1.5044,1.4975,0.39268,0.00481,-0.00213,0.00000,0,0.0175
4.900,CLIMB_TO_HIGH,10.00,2.9123,2.9421,1.4404,1.5030,0.34383,-0.04385,-0.00232,0.00000,0,0.0199
4.925,CLIMB_TO_HIGH,10.00,2.9495,2.9733,1.4524,1.4870,0.36330,-0.02425,-0.00245,0.00000,0,0.0248
4.944,CLIMB_TO_HIGH,10.00,2.9777,3.0034,1.4487,1.4673,0.37448,-0.01302,-0.00250,0.00000,0,0.0188
4.964,CLIMB_TO_HIGH,10.00,3.0081,3.0034,1.5095,1.4673,0.41722,0.02959,-0.00237,0.00000,0,0.0203
4.980,CLIMB_TO_HIGH,10.00,3.0321,3.0337,1.4970,1.4564,0.41614,0.02842,-0.00228,0.00000,0,0.0160
5.000,CLIMB_TO_HIGH,10.00,3.0621,3.0640,1.4962,1.4614,0.41224,0.02441,-0.00217,0.00000,0,0.0200
5.025,CLIMB_TO_HIGH,10.00,3.0995,3.1248,1.4495,1.4833,0.36408,-0.02362,-0.00230,0.00000,0,0.0250
5.040,CLIMB_TO_HIGH,10.00,3.1226,3.1551,1.4350,1.4803,0.35594,-0.03165,-0.00240,0.00000,0,0.0154
5.063,CLIMB_TO_HIGH,10.00,3.1558,3.1551,1.5015,1.4803,0.40254,0.01487,-0.00233,0.00000,0,0.0222
5.080,CLIMB_TO_HIGH,10.00,3.1821,3.1856,1.4930,1.4630,0.40878,0.02103,-0.00225,0.00000,0,0.0175
5.100,CLIMB_TO_HIGH,10.00,3.2126,3.2459,1.4332,1.4704,0.36158,-0.02605,-0.00237,0.00000,0,0.0203
5.125,CLIMB_TO_HIGH,10.00,3.2494,3.2766,1.4456,1.4634,0.37517,-0.01240,-0.00243,0.00000,0,0.0246
5.144,CLIMB_TO_HIGH,10.00,3.2777,3.2766,1.5022,1.4634,0.41487,0.02719,-0.00232,0.00000,0,0.0189
5.161,CLIMB_TO_HIGH,10.00,3.3042,3.3063,1.4957,1.4520,0.41838,0.03059,-0.00221,0.00000,0,0.0176
5.185,CLIMB_TO_HIGH,10.00,3.3390,3.3669,1.4442,1.4688,0.37052,-0.01719,-0.00229,0.00000,0,0.0232
5.200,CLIMB_TO_HIGH,10.00,3.3625,3.3669,1.4912,1.4688,0.40348,0.01572,-0.00224,0.00000,0,0.0157
5.220,CLIMB_TO_HIGH,10.00,3.3921,3.3970,1.4902,1.4692,0.40248,0.01465,-0.00218,0.00000,0,0.0197
5.240,CLIMB_TO_HIGH,10.00,3.4226,3.4276,1.4901,1.4685,0.40300,0.01511,-0.00211,0.00000,0,0.0204
5.260,CLIMB_TO_HIGH,10.00,3.4521,3.4575,1.4891,1.4735,0.39889,0.01095,-0.00207,0.00000,0,0.0196
5.282,CLIMB_TO_HIGH,10.00,3.4847,3.4881,1.4932,1.4785,0.39828,0.01030,-0.00202,0.00000,0,0.0217
5.305,CLIMB_TO_HIGH,10.00,3.5189,3.5491,1.4396,1.4847,0.35624,-0.03159,-0.00217,0.00000,0,0.0228
5.321,CLIMB_TO_HIGH,10.00,3.5428,3.5491,1.4874,1.4847,0.38969,0.00186,-0.00217,0.00000,0,0.0159
5.340,CLIMB_TO_HIGH,10.00,3.5722,3.5800,1.4844,1.4765,0.39337,0.00551,-0.00214,0.00000,0,0.0196
5.361,CLIMB_TO_HIGH,10.00,3.6031,3.6403,1.4255,1.4685,0.35761,-0.03012,-0.00228,0.00000,0,0.0206
5.383,CLIMB_TO_HIGH,10.00,3.6361,3.6403,1.4915,1.4685,0.40390,0.01610,-0.00220,0.00000,0,0.0220
5.404,CLIMB_TO_HIGH,10.00,3.6685,3.7004,1.4364,1.4518,0.37696,-0.01079,-0.00225,0.00000,0,0.0216
5.424,CLIMB_TO_HIGH,10.00,3.6979,3.7004,1.4952,1.4518,0.41822,0.03034,-0.00212,0.00000,0,0.0196
5.442,CLIMB_TO_HIGH,10.00,3.7249,3.7600,1.4297,1.4561,0.36933,-0.01848,-0.00219,0.00000,0,0.0180
5.460,CLIMB_TO_HIGH,10.00,3.7521,3.7600,1.4841,1.4561,0.40749,0.01961,-0.00212,0.00000,0,0.0181
5.484,CLIMB_TO_HIGH,10.00,3.7877,3.7902,1.4951,1.4563,0.41521,0.02719,-0.00198,0.00000,0,0.0238
5.501,CLIMB_TO_HIGH,10.00,3.8136,3.8203,1.4866,1.4614,0.40566,0.01758,-0.00191,0.00000,0,0.0172
5.525,CLIMB_TO_HIGH,10.00,3.8492,3.8808,1.4368,1.4783,0.35894,-0.02900,-0.00206,0.00000,0,0.0237
5.540,CLIMB_TO_HIGH,10.00,3.8723,3.8808,1.4830,1.4783,0.39125,0.00330,-0.00205,0.00000,0,0.0154
5.565,CLIMB_TO_HIGH,10.00,3.9095,3.9413,1.4364,1.4705,0.36395,-0.02387,-0.00218,0.00000,0,0.0248
5.580,CLIMB_TO_HIGH,10.00,3.9321,3.9717,1.4207,1.4628,0.35826,-0.02947,-0.00227,0.00000,0,0.0151
5.605,CLIMB_TO_HIGH,10.00,3.9690,3.9717,1.4945,1.4628,0.41000,0.02215,-0.00216,0.00000,0,0.0246
5.620,CLIMB_TO_HIGH,10.00,3.9926,4.0014,1.4824,1.4465,0.41303,0.02510,-0.00207,0.00000,0,0.0157
5.640,CLIMB_TO_HIGH,10.00,4.0221,4.0606,1.4230,1.4498,0.36905,-0.01879,-0.00215,0.00000,0,0.0197
5.660,CLIMB_TO_HIGH,10.00,4.0523,4.0606,1.4834,1.4498,0.41145,0.02350,-0.00205,0.00000,0,0.0201
5.682,CLIMB_TO_HIGH,10.00,4.0852,4.0893,1.4919,1.4466,0.41975,0.03165,-0.00190,0.00000,0,0.0220
5.700,CLIMB_TO_HIGH,10.00,4.1121,4.1191,1.4859,1.4476,0.41501,0.02681,-0.00180,0.00000,0,0.0179
5.725,CLIMB_TO_HIGH,10.00,4.1490,4.1790,1.4401,1.4716,0.36605,-0.02204,-0.00191,0.00000,0,0.0246
5.740,CLIMB_TO_HIGH,10.00,4.1721,4.1790,1.4863,1.4716,0.39842,0.01030,-0.00188,0.00000,0,0.0154
5.765,CLIMB_TO_HIGH,10.00,4.2095,4.2390,1.4410,1.4669,0.36990,-0.01812,-0.00198,0.00000,0,0.0250
5.784,CLIMB_TO_HIGH,10.00,4.2377,4.2390,1.4973,1.4669,0.40938,0.02128,-0.00189,0.00000,0,0.0188
5.802,CLIMB_TO_HIGH,10.00,4.2645,4.2693,1.4904,1.4625,0.40771,0.01953,-0.00182,0.00000,0,0.0179
5.820,CLIMB_TO_HIGH,10.00,4.2924,4.3292,1.4265,1.4709,0.35700,-0.03106,-0.00194,0.00000,0,0.0186
5.844,CLIMB_TO_HIGH,10.00,4.3282,4.3292,1.4980,1.4709,0.40711,0.01895,-0.00184,0.00000,0,0.0238
5.860,CLIMB_TO_HIGH,10.00,4.3522,4.3590,1.4865,1.4632,0.40454,0.01633,-0.00179,0.00000,0,0.0161
5.881,CLIMB_TO_HIGH,10.00,4.3831,4.4188,1.4286,1.4607,0.36567,-0.02244,-0.00189,0.00000,0,0.0206
5.903,CLIMB_TO_HIGH,10.00,4.4159,4.4484,1.4350,1.4550,0.37404,-0.01401,-0.00195,0.00000,0,0.0219
5.920,CLIMB_TO_HIGH,10.00,4.4425,4.4780,1.4291,1.4439,0.37762,-0.01039,-0.00199,0.00000,0,0.0178
5.943,CLIMB_TO_HIGH,10.00,4.4770,4.4780,1.4981,1.4439,0.42610,0.03790,-0.00180,0.00000,0,0.0230
5.961,CLIMB_TO_HIGH,10.00,4.5034,4.5071,1.4925,1.4359,0.42801,0.03966,-0.00166,0.00000,0,0.0175
5.984,CLIMB_TO_HIGH,10.00,4.5384,4.5659,1.4449,1.4589,0.37853,-0.00977,-0.00170,0.00000,0,0.0233
6.001,CLIMB_TO_HIGH,10.00,4.5642,4.5659,1.4967,1.4589,0.41487,0.02647,-0.00161,0.00000,0,0.0173
6.025,CLIMB_TO_HIGH,10.00,4.5991,4.6255,1.4472,1.4713,0.37140,-0.01691,-0.00169,0.00000,0,0.0232
6.040,CLIMB_TO_HIGH,10.00,4.6226,4.6255,1.4943,1.4713,0.40445,0.01609,-0.00164,0.00000,0,0.0157
6.060,CLIMB_TO_HIGH,10.00,4.6521,4.6552,1.4938,1.4693,0.40560,0.01716,-0.00156,0.00000,0,0.0197
6.081,CLIMB_TO_HIGH,10.00,4.6843,4.6851,1.4984,1.4711,0.40763,0.01911,-0.00148,0.00000,0,0.0215
6.101,CLIMB_TO_HIGH,10.00,4.7140,4.7163,1.4954,1.4776,0.40098,0.01241,-0.00142,0.00000,0,0.0198
6.125,CLIMB_TO_HIGH,10.00,4.7491,4.7765,1.4451,1.4900,0.35696,-0.03146,-0.00158,0.00000,0,0.0234
6.140,CLIMB_TO_HIGH,10.00,4.7722,4.7765,1.4915,1.4900,0.38942,0.00100,-0.00158,0.00000,0,0.0155
6.161,CLIMB_TO_HIGH,10.00,4.8040,4.8065,1.4950,1.4797,0.39918,0.01071,-0.00153,0.00000,0,0.0212
6.185,CLIMB_TO_HIGH,10.00,4.8391,4.8664,1.4453,1.4764,0.36659,-0.02177,-0.00164,0.00000,0,0.0234
6.200,CLIMB_TO_HIGH,10.00,4.8621,4.8664,1.4913,1.4764,0.39882,0.01043,-0.00160,0.00000,0,0.0153
6.220,CLIMB_TO_HIGH,10.00,4.8923,4.8962,1.4922,1.4713,0.40310,0.01464,-0.00154,0.00000,0,0.0202
6.241,CLIMB_TO_HIGH,10.00,4.9240,4.9261,1.4958,1.4685,0.40768,0.01914,-0.00145,0.00000,0,0.0211
6.265,CLIMB_TO_HIGH,10.00,4.9590,4.9869,1.4441,1.4798,0.36342,-0.02500,-0.00158,0.00000,0,0.0233
6.280,CLIMB_TO_HIGH,10.00,4.9821,4.9869,1.4904,1.4798,0.39582,0.00737,-0.00156,0.00000,0,0.0154
6.305,CLIMB_TO_HIGH,10.00,5.0194,5.0466,1.4456,1.4686,0.37227,-0.01609,-0.00164,0.00000,0,0.0249
6.321,CLIMB_TO_HIGH,10.00,5.0441,5.0466,1.4951,1.4686,0.40702,0.01860,-0.00157,0.00000,0,0.0165
6.340,CLIMB_TO_HIGH,10.00,5.0721,5.0764,1.4913,1.4642,0.40745,0.01895,-0.00150,0.00000,0,0.0186
6.360,CLIMB_TO_HIGH,10.00,5.1022,5.1061,1.4923,1.4629,0.40910,0.02052,-0.00141,0.00000,0,0.0201
6.380,CLIMB_TO_HIGH,10.00,5.1321,5.1356,1.4929,1.4703,0.40447,0.01582,-0.00134,0.00000,0,0.0199
6.400,CLIMB_TO_HIGH,10.00,5.1623,5.1655,1.4935,1.4784,0.39927,0.01057,-0.00130,0.00000,0,0.0201
6.423,CLIMB_TO_HIGH,10.00,5.1966,5.1954,1.5025,1.4842,0.40151,0.01275,-0.00124,0.00000,0,0.0229
6.440,CLIMB_TO_HIGH,10.00,5.2221,5.2256,1.4930,1.4882,0.39216,0.00338,-0.00122,0.00000,0,0.0170
6.462,CLIMB_TO_HIGH,10.00,5.2554,5.2558,1.4991,1.4918,0.39394,0.00514,-0.00120,0.00000,0,0.0222
6.480,CLIMB_TO_HIGH,10.00,5.2823,5.2858,1.4929,1.4923,0.38921,0.00041,-0.00120,0.00000,0,0.0180
6.500,CLIMB_TO_HIGH,10.00,5.3121,5.3161,1.4920,1.4923,0.38861,-0.00019,-0.00120,0.00000,0,0.0199
6.525,CLIMB_TO_HIGH,10.00,5.3495,5.3763,1.4465,1.4886,0.35917,-0.02947,-0.00136,0.00000,0,0.0250
6.541,CLIMB_TO_HIGH,10.00,5.3736,5.3763,1.4947,1.4886,0.39293,0.00427,-0.00134,0.00000,0,0.0161
6.565,CLIMB_TO_HIGH,10.00,5.4092,5.4359,1.4465,1.4747,0.36888,-0.01968,-0.00144,0.00000,0,0.0237
6.582,CLIMB_TO_HIGH,10.00,5.4353,5.4359,1.4987,1.4747,0.40548,0.01685,-0.00138,0.00000,0,0.0174
6.604,CLIMB_TO_HIGH,10.00,5.4688,5.4951,1.4473,1.4687,0.37354,-0.01501,-0.00145,0.00000,0,0.0223
6.620,CLIMB_TO_HIGH,10.00,5.4921,5.4951,1.4939,1.4687,0.40626,0.01766,-0.00139,0.00000,0,0.0156
6.640,CLIMB_TO_HIGH,10.00,5.5225,5.5248,1.4953,1.4669,0.40855,0.01986,-0.00130,0.00000,0,0.0203
6.660,CLIMB_TO_HIGH,10.00,5.5521,5.5544,1.4953,1.4683,0.40765,0.01888,-0.00122,0.00000,0,0.0197
6.680,CLIMB_TO_HIGH,10.00,5.5821,5.5840,1.4962,1.4761,0.40291,0.01407,-0.00116,0.00000,0,0.0200
6.703,CLIMB_TO_HIGH,10.00,5.6165,5.6139,1.5052,1.4835,0.40410,0.01519,-0.00109,0.00000,0,0.0229
6.720,CLIMB_TO_HIGH,10.00,5.6422,5.6438,1.4969,1.4891,0.39435,0.00542,-0.00107,0.00000,0,0.0171
6.741,CLIMB_TO_HIGH,10.00,5.6729,5.6740,1.4978,1.4943,0.39135,0.00241,-0.00106,0.00000,0,0.0204
6.761,CLIMB_TO_HIGH,10.00,5.7040,5.7043,1.4995,1.4953,0.39185,0.00290,-0.00105,0.00000,0,0.0207
6.781,CLIMB_TO_HIGH,10.00,5.7340,5.7343,1.4994,1.4947,0.39227,0.00330,-0.00103,0.00000,0,0.0200
6.800,CLIMB_TO_HIGH,10.00,5.7622,5.7646,1.4952,1.4940,0.38978,0.00081,-0.00103,0.00000,0,0.0187
6.820,CLIMB_TO_HIGH,10.00,5.7921,5.7946,1.4949,1.4935,0.38998,0.00101,-0.00102,0.00000,0,0.0199
6.840,CLIMB_TO_HIGH,10.00,5.8221,5.8248,1.4946,1.4921,0.39073,0.00175,-0.00102,0.00000,0,0.0200
6.865,CLIMB_TO_HIGH,10.00,5.8595,5.8849,1.4492,1.4894,0.36072,-0.02812,-0.00117,0.00000,0,0.0249
6.883,CLIMB_TO_HIGH,10.00,5.8870,5.8849,1.5041,1.4894,0.39916,0.01029,-0.00113,0.00000,0,0.0183
6.901,CLIMB_TO_HIGH,10.00,5.9140,5.9150,1.4979,1.4818,0.40020,0.01129,-0.00108,0.00000,0,0.0180
6.925,CLIMB_TO_HIGH,10.00,5.9491,5.9447,1.5088,1.4755,0.41233,0.02330,-0.00097,0.00000,0,0.0234
6.942,CLIMB_TO_HIGH,10.00,5.9755,5.9744,1.5022,1.4791,0.40527,0.01617,-0.00091,0.00000,0,0.0176
6.964,CLIMB_TO_HIGH,10.00,6.0087,6.0340,1.4495,1.4929,0.35851,-0.03044,-0.00105,0.00000,0,0.0222
6.983,CLIMB_TO_HIGH,10.00,6.0364,6.0340,1.5048,1.4929,0.39727,0.00829,-0.00102,0.00000,0,0.0184
7.004,CLIMB_TO_HIGH,10.00,6.0684,6.0936,1.4496,1.4766,0.37005,-0.01884,-0.00110,0.00000,0,0.0214
7.020,CLIMB_TO_HIGH,10.00,6.0921,6.0936,1.4969,1.4766,0.40318,0.01423,-0.00106,0.00000,0,0.0158
7.040,CLIMB_TO_HIGH,10.00,6.1221,6.1233,1.4975,1.4703,0.40810,0.01908,-0.00097,0.00000,0,0.0200
7.063,CLIMB_TO_HIGH,10.00,6.1566,6.1823,1.4484,1.4766,0.36919,-0.01974,-0.00107,0.00000,0,0.0230
7.080,CLIMB_TO_HIGH,10.00,6.1821,6.1823,1.4995,1.4766,0.40503,0.01604,-0.00101,0.00000,0,0.0170
7.100,CLIMB_TO_HIGH,10.00,6.2121,6.2121,1.5000,1.4741,0.40719,0.01813,-0.00094,0.00000,0,0.0200
7.120,CLIMB_TO_HIGH,10.00,6.2421,6.2416,1.5009,1.4736,0.40823,0.01908,-0.00085,0.00000,0,0.0200
7.143,CLIMB_TO_HIGH,10.00,6.2763,6.2713,1.5100,1.4805,0.40986,0.02061,-0.00075,0.00000,0,0.0228
7.160,CLIMB_TO_HIGH,10.00,6.3025,6.3011,1.5029,1.4879,0.39979,0.01051,-0.00071,0.00000,0,0.0175
7.184,CLIMB_TO_HIGH,10.00,6.3375,6.3310,1.5131,1.4957,0.40150,0.01215,-0.00065,0.00000,0,0.0233
7.200,CLIMB_TO_HIGH,10.00,6.3622,6.3611,1.5021,1.5007,0.39034,0.00098,-0.00065,0.00000,0,0.0164
7.220,CLIMB_TO_HIGH,10.00,6.3925,6.3912,1.5026,1.5041,0.38827,-0.00107,-0.00065,0.00000,0,0.0202
7.240,CLIMB_TO_HIGH,10.00,6.4222,6.4214,1.5015,1.5030,0.38827,-0.00107,-0.00066,0.00000,0,0.0198
7.265,CLIMB_TO_HIGH,10.00,6.4595,6.4516,1.5157,1.5009,0.39981,0.01041,-0.00060,0.00000,0,0.0249
7.283,CLIMB_TO_HIGH,10.00,6.4862,6.4817,1.5092,1.4984,0.39694,0.00751,-0.00057,0.00000,0,0.0178
7.300,CLIMB_TO_HIGH,10.00,6.5127,6.5118,1.5018,1.4982,0.39193,0.00250,-0.00056,0.00000,0,0.0176
7.320,CLIMB_TO_HIGH,10.00,6.5422,6.5418,1.5008,1.5009,0.38935,-0.00008,-0.00056,0.00000,0,0.0197
7.340,CLIMB_TO_HIGH,10.00,6.5721,6.5718,1.5006,1.5010,0.38919,-0.00025,-0.00057,0.00000,0,0.0199
7.362,CLIMB_TO_HIGH,10.00,6.6048,6.6316,1.4462,1.4970,0.35373,-0.03554,-0.00073,0.00000,0,0.0218
7.380,CLIMB_TO_HIGH,10.00,6.6321,6.6316,1.5009,1.4970,0.39200,0.00272,-0.00072,0.00000,0,0.0182
7.400,CLIMB_TO_HIGH,10.00,6.6621,6.6615,1.5012,1.4836,0.40168,0.01234,-0.00067,0.00000,0,0.0200
7.420,CLIMB_TO_HIGH,10.00,6.6921,6.6911,1.5020,1.4786,0.40581,0.01641,-0.00060,0.00000,0,0.0200
7.440,CLIMB_TO_HIGH,10.00,6.7222,6.7504,1.4435,1.4879,0.35823,-0.03104,-0.00073,0.00000,0,0.0201
7.460,CLIMB_TO_HIGH,10.00,6.7521,6.7504,1.5034,1.4879,0.40017,0.01086,-0.00069,0.00000,0,0.0200
7.480,CLIMB_TO_HIGH,10.00,6.7821,6.7801,1.5040,1.4788,0.40703,0.01764,-0.00061,0.00000,0,0.0200
7.501,CLIMB_TO_HIGH,10.00,6.8137,6.8097,1.5080,1.4774,0.41092,0.02144,-0.00051,0.00000,0,0.0211
7.520,CLIMB_TO_HIGH,10.00,6.8421,6.8393,1.5055,1.4836,0.40488,0.01533,-0.00045,0.00000,0,0.0189
7.540,CLIMB_TO_HIGH,10.00,6.8721,6.8692,1.5059,1.4915,0.39971,0.01012,-0.00041,0.00000,0,0.0200
7.560,CLIMB_TO_HIGH,10.00,6.9021,6.8991,1.5059,1.4985,0.39480,0.00518,-0.00038,0.00000,0,0.0200
7.582,CLIMB_TO_HIGH,10.00,6.9346,6.9292,1.5107,1.5028,0.39520,0.00556,-0.00036,0.00000,0,0.0217
7.601,CLIMB_TO_HIGH,10.00,6.9630,6.9594,1.5072,1.5042,0.39175,0.00210,-0.00035,0.00000,0,0.0190
7.622,CLIMB_TO_HIGH,10.00,6.9953,7.0198,1.4509,1.5049,0.35168,-0.03779,-0.00052,0.00000,0,0.0215
7.644,CLIMB_TO_HIGH,10.00,7.0281,7.0198,1.5167,1.5049,0.39772,0.00821,-0.00049,0.00000,0,0.0219
7.660,CLIMB_TO_HIGH,10.00,7.0522,7.0499,1.5046,1.4913,0.39885,0.00931,-0.00045,0.00000,0,0.0161
7.685,CLIMB_TO_HIGH,10.00,7.0895,7.1095,1.4601,1.4856,0.37160,-0.01785,-0.00055,0.00000,0,0.0249
7.700,CLIMB_TO_HIGH,10.00,7.1121,7.1392,1.4458,1.4798,0.36554,-0.02384,-0.00063,0.00000,0,0.0151
7.725,CLIMB_TO_HIGH,10.00,7.1491,7.1392,1.5196,1.4798,0.41737,0.02785,-0.00048,0.00000,0,0.0246
7.742,CLIMB_TO_HIGH,10.00,7.1747,7.1686,1.5122,1.4671,0.42127,0.03163,-0.00036,0.00000,0,0.0171
7.765,CLIMB_TO_HIGH,10.00,7.2089,7.2259,1.4659,1.4798,0.37990,-0.00969,-0.00041,0.00000,0,0.0228
7.780,CLIMB_TO_HIGH,10.00,7.2321,7.2556,1.4531,1.4832,0.36845,-0.02107,-0.00048,0.00000,0,0.0155
7.801,CLIMB_TO_HIGH,10.00,7.2630,7.2556,1.5149,1.4832,0.41179,0.02217,-0.00038,0.00000,0,0.0206
7.821,CLIMB_TO_HIGH,10.00,7.2934,7.2851,1.5165,1.4732,0.42009,0.03034,-0.00025,0.00000,0,0.0202
7.840,CLIMB_TO_HIGH,10.00,7.3221,7.3145,1.5152,1.4740,0.41875,0.02888,-0.00013,0.00000,0,0.0191
7.861,CLIMB_TO_HIGH,10.00,7.3528,7.3440,1.5176,1.4867,0.41156,0.02159,-0.00004,0.00000,0,0.0205
7.880,CLIMB_TO_HIGH,10.00,7.3821,7.3739,1.5165,1.4997,0.40177,0.01175,0.00001,0.00000,0,0.0195
7.900,CLIMB_TO_HIGH,10.00,7.4121,7.4039,1.5163,1.5092,0.39498,0.00495,0.00003,0.00000,0,0.0200
7.920,CLIMB_TO_HIGH,10.00,7.4421,7.4342,1.5158,1.5153,0.39041,0.00037,0.00003,0.00000,0,0.0200
7.943,CLIMB_TO_HIGH,10.00,7.4772,7.4647,1.5250,1.5167,0.39584,0.00578,0.00006,0.00000,0,0.0234
7.960,CLIMB_TO_HIGH,10.00,7.5021,7.4952,1.5139,1.5160,0.38856,-0.00150,0.00006,0.00000,0,0.0166
7.980,CLIMB_TO_HIGH,10.00,7.5321,7.5560,1.4522,1.5136,0.34689,-0.04299,-0.00013,0.00000,0,0.0200
8.000,CLIMB_TO_HIGH,10.00,7.5621,7.5560,1.5123,1.5136,0.38894,-0.00093,-0.00013,0.00000,0,0.0200
8.020,CLIMB_TO_HIGH,10.00,7.5921,7.5862,1.5117,1.4987,0.39903,0.00912,-0.00009,0.00000,0,0.0200
8.042,CLIMB_TO_HIGH,10.00,7.6247,7.6163,1.5168,1.4917,0.40759,0.01760,-0.00001,0.00000,0,0.0217
8.061,CLIMB_TO_HIGH,10.00,7.6540,7.6462,1.5155,1.4928,0.40596,0.01591,0.00006,0.00000,0,0.0196
8.080,CLIMB_TO_HIGH,10.00,7.6822,7.6762,1.5120,1.4992,0.39903,0.00894,0.00009,0.00000,0,0.0188
8.100,CLIMB_TO_HIGH,10.00,7.7121,7.7064,1.5113,1.5063,0.39367,0.00356,0.00011,0.00000,0,0.0199
8.121,CLIMB_TO_HIGH,10.00,7.7442,7.7367,1.5152,1.5106,0.39331,0.00319,0.00012,0.00000,0,0.0214
8.144,CLIMB_TO_HIGH,10.00,7.7780,7.7671,1.5219,1.5114,0.39751,0.00735,0.00016,0.00000,0,0.0225
8.160,CLIMB_TO_HIGH,10.00,7.8021,7.7975,1.5092,1.5116,0.38848,-0.00167,0.00015,0.00000,0,0.0160
8.180,CLIMB_TO_HIGH,10.00,7.8321,7.8291,1.5060,1.5130,0.38526,-0.00487,0.00013,0.00000,0,0.0200
8.205,CLIMB_TO_HIGH,10.00,7.8691,7.8595,1.5193,1.5117,0.39543,0.00527,0.00016,0.00000,0,0.0247
8.224,CLIMB_TO_HIGH,10.00,7.8978,7.8899,1.5157,1.5084,0.39533,0.00515,0.00018,0.00000,0,0.0191
8.244,CLIMB_TO_HIGH,10.00,7.9281,7.9504,1.4554,1.5078,0.35332,-0.03670,0.00002,0.00000,0,0.0202
8.260,CLIMB_TO_HIGH,10.00,7.9521,7.9504,1.5033,1.5078,0.38683,-0.00318,0.00001,0.00000,0,0.0160
8.283,CLIMB_TO_HIGH,10.00,7.9861,8.0106,1.4510,1.4892,0.36312,-0.02676,-0.00012,0.00000,0,0.0227
8.303,CLIMB_TO_HIGH,10.00,8.0165,8.0403,1.4524,1.4804,0.37021,-0.01958,-0.00020,0.00000,0,0.0203
8.321,CLIMB_TO_HIGH,10.00,8.0433,8.0403,1.5060,1.4804,0.40777,0.01790,-0.00014,0.00000,0,0.0179
8.343,CLIMB_TO_HIGH,10.00,8.0770,8.0697,1.5145,1.4678,0.42274,0.03272,0.00002,0.00000,0,0.0225
8.361,CLIMB_TO_HIGH,10.00,8.1036,8.1002,1.5068,1.4691,0.41656,0.02644,0.00012,0.00000,0,0.0177
8.380,CLIMB_TO_HIGH,10.00,8.1321,8.1296,1.5051,1.4808,0.40720,0.01701,0.00019,0.00000,0,0.0190
8.400,CLIMB_TO_HIGH,10.00,8.1627,8.1593,1.5069,1.4940,0.39928,0.00905,0.00023,0.00000,0,0.0204
8.421,CLIMB_TO_HIGH,10.00,8.1935,8.1892,1.5088,1.5028,0.39445,0.00420,0.00025,0.00000,0,0.0205
8.445,CLIMB_TO_HIGH,10.00,8.2292,8.2492,1.4599,1.5083,0.35618,-0.03390,0.00008,0.00000,0,0.0238
8.460,CLIMB_TO_HIGH,10.00,8.2521,8.2492,1.5057,1.5083,0.38826,-0.00181,0.00007,0.00000,0,0.0153
8.480,CLIMB_TO_HIGH,10.00,8.2821,8.2792,1.5057,1.4967,0.39639,0.00629,0.00010,0.00000,0,0.0200
8.504,CLIMB_TO_HIGH,10.00,8.3178,8.3090,1.5178,1.4886,0.41060,0.02040,0.00020,0.00000,0,0.0238
8.524,CLIMB_TO_HIGH,10.00,8.3481,8.3385,1.5192,1.4895,0.41110,0.02080,0.00029,0.00000,0,0.0202
8.541,CLIMB_TO_HIGH,10.00,8.3729,8.3682,1.5094,1.4957,0.39995,0.00962,0.00033,0.00000,0,0.0165
8.561,CLIMB_TO_HIGH,10.00,8.4030,8.3979,1.5102,1.5044,0.39440,0.00406,0.00034,0.00000,0,0.0201
8.580,CLIMB_TO_HIGH,10.00,8.4327,8.4278,1.5050,1.5091,0.38752,-0.00281,0.00033,0.00000,0,0.0198
8.600,CLIMB_TO_HIGH,10.00,8.4618,8.4578,1.4893,1.5100,0.37575,-0.01452,0.00027,0.00000,0,0.0197
8.620,CLIMB_TO_HIGH,10.00,8.4910,8.4878,1.4739,1.5071,0.36690,-0.02327,0.00017,0.00000,0,0.0199
8.640,CLIMB_TO_HIGH,10.00,8.5200,8.5177,1.4581,1.5003,0.36055,-0.02950,0.00005,0.00000,0,0.0200
8.665,CLIMB_TO_HIGH,10.00,8.5560,8.5768,1.3979,1.4733,0.33696,-0.05281,-0.00024,0.00000,0,0.0250
8.684,CLIMB_TO_HIGH,10.00,8.5827,8.5768,1.4336,1.4733,0.36185,-0.02780,-0.00035,0.00000,0,0.0187
8.700,CLIMB_TO_HIGH,10.00,8.6060,8.6059,1.4088,1.4493,0.36121,-0.02834,-0.00045,0.00000,0,0.0166
8.720,CLIMB_TO_HIGH,10.00,8.6335,8.6343,1.3955,1.4302,0.36514,-0.02431,-0.00055,0.00000,0,0.0197
8.740,CLIMB_TO_HIGH,10.00,8.6612,8.6624,1.3808,1.4151,0.36533,-0.02401,-0.00066,0.00000,0,0.0200
8.765,CLIMB_TO_HIGH,10.00,8.6954,8.7174,1.3249,1.3882,0.34481,-0.04429,-0.00089,0.00000,0,0.0249
8.781,CLIMB_TO_HIGH,10.00,8.7166,8.7174,1.3498,1.3882,0.36210,-0.02692,-0.00098,0.00000,0,0.0157
8.801,CLIMB_TO_HIGH,10.00,8.7445,8.7448,1.3399,1.3682,0.36909,-0.01984,-0.00107,0.00000,0,0.0208
8.823,CLIMB_TO_HIGH,10.00,8.7728,8.7715,1.3284,1.3518,0.37248,-0.01637,-0.00115,0.00000,0,0.0214
8.840,CLIMB_TO_HIGH,10.00,8.7954,8.7981,1.3052,1.3396,0.36471,-0.02406,-0.00123,0.00000,0,0.0172
8.860,CLIMB_TO_HIGH,10.00,8.8213,8.8244,1.2924,1.3300,0.36228,-0.02637,-0.00135,0.00000,0,0.0199
8.881,CLIMB_TO_HIGH,10.00,8.8479,8.8505,1.2795,1.3185,0.36120,-0.02733,-0.00147,0.00000,0,0.0208
8.900,CLIMB_TO_HIGH,10.00,8.8726,8.9022,1.2108,1.2909,0.33222,-0.05607,-0.00170,0.00000,0,0.0194
8.925,CLIMB_TO_HIGH,10.00,8.9037,8.9277,1.2084,1.2668,0.34722,-0.04086,-0.00192,0.00000,0,0.0248
8.940,CLIMB_TO_HIGH,10.00,8.9224,8.9277,1.2283,1.2668,0.36104,-0.02696,-0.00201,0.00000,0,0.0151
8.962,CLIMB_TO_HIGH,10.00,8.9497,8.9525,1.2228,1.2421,0.37438,-0.01355,-0.00207,0.00000,0,0.0223
8.980,CLIMB_TO_HIGH,10.00,8.9712,8.9770,1.2011,1.2268,0.36988,-0.01798,-0.00214,0.00000,0,0.0177
9.002,CLIMB_TO_HIGH,10.00,8.9976,9.0013,1.1928,1.2167,0.37102,-0.01676,-0.00222,0.00000,0,0.0220
9.020,CLIMB_TO_HIGH,10.00,9.0191,9.0253,1.1723,1.2078,0.36282,-0.02487,-0.00232,0.00000,0,0.0182
9.040,CLIMB_TO_HIGH,10.00,9.0424,9.0491,1.1584,1.1989,0.35918,-0.02838,-0.00244,0.00000,0,0.0198
9.062,CLIMB_TO_HIGH,10.00,9.0684,9.0729,1.1490,1.1876,0.36040,-0.02704,-0.00257,0.00000,0,0.0225
9.082,CLIMB_TO_HIGH,10.00,9.0905,9.0963,1.1305,1.1734,0.35727,-0.03004,-0.00269,0.00000,0,0.0193
9.101,CLIMB_TO_HIGH,10.00,9.1123,9.1195,1.1141,1.1593,0.35556,-0.03162,-0.00282,0.00000,0,0.0194
9.120,CLIMB_TO_HIGH,10.00,9.1333,9.1424,1.0967,1.1449,0.35324,-0.03380,-0.00296,0.00000,0,0.0188
9.140,CLIMB_TO_HIGH,10.00,9.1556,9.1650,1.0827,1.1293,0.35429,-0.03261,-0.00310,0.00000,0,0.0202
9.160,CLIMB_TO_HIGH,10.00,9.1772,9.1874,1.0669,1.1125,0.35487,-0.03190,-0.00324,0.00000,0,0.0199
9.183,CLIMB_TO_HIGH,10.00,9.2020,9.2094,1.0586,1.0961,0.36037,-0.02626,-0.00337,0.00000,0,0.0231
9.201,CLIMB_TO_HIGH,10.00,9.2212,9.2311,1.0372,1.0802,0.35642,-0.03009,-0.00348,0.00000,0,0.0181
9.222,CLIMB_TO_HIGH,10.00,9.2426,9.2524,1.0245,1.0658,0.35749,-0.02890,-0.00361,0.00000,0,0.0205
9.245,CLIMB_TO_HIGH,10.00,9.2659,9.2943,0.9730,1.0373,0.34116,-0.04501,-0.00383,0.00000,0,0.0226
9.264,CLIMB_TO_HIGH,10.00,9.2855,9.3147,0.9553,1.0188,0.34155,-0.04444,-0.00401,0.00000,0,0.0193
9.280,CLIMB_TO_HIGH,10.00,9.3018,9.3147,0.9742,1.0188,0.35462,-0.03126,-0.00412,0.00000,0,0.0162
9.300,CLIMB_TO_HIGH,10.00,9.3216,9.3348,0.9622,0.9965,0.36175,-0.02403,-0.00422,0.00000,0,0.0201
9.320,CLIMB_TO_HIGH,10.00,9.3410,9.3545,0.9476,0.9797,0.36320,-0.02248,-0.00432,0.00000,0,0.0199
9.341,CLIMB_TO_HIGH,10.00,9.3614,9.3738,0.9358,0.9677,0.36328,-0.02230,-0.00442,0.00000,0,0.0213
9.361,CLIMB_TO_HIGH,10.00,9.3796,9.3930,0.9187,0.9567,0.35883,-0.02664,-0.00453,0.00000,0,0.0192
9.380,CLIMB_TO_HIGH,10.00,9.3980,9.4119,0.9043,0.9460,0.35617,-0.02917,-0.00465,0.00000,0,0.0198
9.402,CLIMB_TO_HIGH,10.00,9.4178,9.4306,0.8923,0.9338,0.35616,-0.02905,-0.00479,0.00000,0,0.0215
9.420,CLIMB_TO_HIGH,10.00,9.4342,9.4490,0.8732,0.9201,0.35220,-0.03288,-0.00492,0.00000,0,0.0182
9.444,CLIMB_TO_HIGH,10.00,9.4552,9.4671,0.8661,0.9061,0.35694,-0.02800,-0.00506,0.00000,0,0.0236
9.460,CLIMB_TO_HIGH,10.00,9.4695,9.4850,0.8424,0.8905,0.35115,-0.03368,-0.00518,0.00000,0,0.0165
9.480,CLIMB_TO_HIGH,10.00,9.4868,9.5025,0.8303,0.8758,0.35281,-0.03188,-0.00531,0.00000,0,0.0200
9.503,CLIMB_TO_HIGH,10.00,9.5066,9.5198,0.8212,0.8603,0.35715,-0.02739,-0.00545,0.00000,0,0.0234
9.520,CLIMB_TO_HIGH,10.00,9.5204,9.5367,0.7985,0.8446,0.35219,-0.03225,-0.00557,0.00000,0,0.0166
9.540,CLIMB_TO_HIGH,10.00,9.5368,9.5532,0.7865,0.8308,0.35329,-0.03101,-0.00570,0.00000,0,0.0200
9.560,CLIMB_TO_HIGH,10.00,9.5529,9.5696,0.7718,0.8155,0.35358,-0.03059,-0.00583,0.00000,0,0.0200
9.580,CLIMB_TO_HIGH,10.00,9.5687,9.5856,0.7574,0.8004,0.35395,-0.03009,-0.00596,0.00000,0,0.0200
9.601,CLIMB_TO_HIGH,10.00,9.5852,9.6014,0.7447,0.7858,0.35514,-0.02877,-0.00609,0.00000,0,0.0212
9.625,CLIMB_TO_HIGH,10.00,9.6030,9.6167,0.7345,0.7714,0.35799,-0.02580,-0.00622,0.00000,0,0.0233
9.642,CLIMB_TO_HIGH,10.00,9.6160,9.6318,0.7140,0.7574,0.35331,-0.03036,-0.00633,0.00000,0,0.0175
9.660,CLIMB_TO_HIGH,10.00,9.6293,9.6467,0.6984,0.7443,0.35141,-0.03214,-0.00646,0.00000,0,0.0181
9.680,CLIMB_TO_HIGH,10.00,9.6436,9.6612,0.6852,0.7308,0.35148,-0.03193,-0.00659,0.00000,0,0.0199
9.701,CLIMB_TO_HIGH,10.00,9.6586,9.6756,0.6723,0.7158,0.35283,-0.03044,-0.00673,0.00000,0,0.0212
9.724,CLIMB_TO_HIGH,10.00,9.6742,9.7032,0.6334,0.6859,0.34632,-0.03677,-0.00691,0.00000,0,0.0226
9.744,CLIMB_TO_HIGH,10.00,9.6879,9.7032,0.6447,0.6859,0.35414,-0.02883,-0.00703,0.00000,0,0.0202
9.760,CLIMB_TO_HIGH,10.00,9.6987,9.7167,0.6251,0.6700,0.35148,-0.03137,-0.00714,0.00000,0,0.0164
9.780,CLIMB_TO_HIGH,10.00,9.7114,9.7297,0.6128,0.6550,0.35323,-0.02950,-0.00727,0.00000,0,0.0196
9.800,CLIMB_TO_HIGH,10.00,9.7241,9.7426,0.5986,0.6405,0.35330,-0.02931,-0.00739,0.00000,0,0.0200
9.825,CLIMB_TO_HIGH,10.00,9.7396,9.7667,0.5674,0.6129,0.35057,-0.03187,-0.00756,0.00000,0,0.0250
9.844,CLIMB_TO_HIGH,10.00,9.7510,9.7667,0.5723,0.6129,0.35388,-0.02844,-0.00768,0.00000,0,0.0188
9.861,CLIMB_TO_HIGH,10.00,9.7613,9.7787,0.5558,0.5987,0.35220,-0.03001,-0.00779,0.00000,0,0.0176
9.881,CLIMB_TO_HIGH,10.00,9.7728,9.8017,0.5202,0.5709,0.34653,-0.03552,-0.00794,0.00000,0,0.0198
9.904,CLIMB_TO_HIGH,10.00,9.7855,9.8128,0.5095,0.5553,0.34984,-0.03207,-0.00810,0.00000,0,0.0225
9.920,CLIMB_TO_HIGH,10.00,9.7945,9.8128,0.5114,0.5553,0.35105,-0.03074,-0.00820,0.00000,0,0.0163
9.943,CLIMB_TO_HIGH,10.00,9.8066,9.8235,0.5027,0.5395,0.35589,-0.02578,-0.00833,0.00000,0,0.0226
9.964,CLIMB_TO_HIGH,10.00,9.8179,9.8442,0.4677,0.5119,0.35061,-0.03091,-0.00847,0.00000,0,0.0217
9.980,CLIMB_TO_HIGH,10.00,9.8258,9.8442,0.4682,0.5119,0.35082,-0.03060,-0.00858,0.00000,0,0.0157
10.001,CLIMB_TO_HIGH,10.00,9.8362,9.8542,0.4579,0.4985,0.35289,-0.02840,-0.00870,0.00000,0,0.0211
10.024,CLIMB_TO_HIGH,10.00,9.8471,9.8730,0.4269,0.4705,0.35066,-0.03049,-0.00885,0.00000,0,0.0226
10.044,CLIMB_TO_HIGH,10.00,9.8565,9.8730,0.4296,0.4705,0.35242,-0.02861,-0.00898,0.00000,0,0.0203
10.062,CLIMB_TO_HIGH,10.00,9.8645,9.8822,0.4129,0.4566,0.35031,-0.03060,-0.00909,0.00000,0,0.0179
10.080,CLIMB_TO_HIGH,10.00,9.8723,9.8995,0.3813,0.4295,0.34705,-0.03372,-0.00922,0.00000,0,0.0181
10.105,CLIMB_TO_HIGH,10.00,9.8829,9.8995,0.3895,0.4295,0.35263,-0.02800,-0.00937,0.00000,0,0.0249
10.120,CLIMB_TO_HIGH,10.00,9.8890,9.9077,0.3676,0.4143,0.34786,-0.03266,-0.00948,0.00000,0,0.0152
10.142,CLIMB_TO_HIGH,10.00,9.8977,9.9233,0.3429,0.3854,0.35068,-0.02970,-0.00962,0.00000,0,0.0220
10.164,CLIMB_TO_HIGH,10.00,9.9059,9.9306,0.3291,0.3710,0.35088,-0.02936,-0.00976,0.00000,0,0.0218
10.181,CLIMB_TO_HIGH,10.00,9.9123,9.9306,0.3263,0.3710,0.34878,-0.03135,-0.00988,0.00000,0,0.0176
10.204,CLIMB_TO_HIGH,10.00,9.9201,9.9445,0.3016,0.3433,0.35085,-0.02914,-0.01001,0.00000,0,0.0224
10.224,CLIMB_TO_HIGH,10.00,9.9269,9.9445,0.2990,0.3433,0.34889,-0.03096,-0.01015,0.00000,0,0.0201
10.241,CLIMB_TO_HIGH,10.00,9.9325,9.9509,0.2831,0.3293,0.34736,-0.03237,-0.01027,0.00000,0,0.0176
10.264,CLIMB_TO_HIGH,10.00,9.9395,9.9575,0.2715,0.3150,0.34919,-0.03039,-0.01042,0.00000,0,0.0229
10.280,CLIMB_TO_HIGH,10.00,9.9442,9.9634,0.2527,0.3003,0.34614,-0.03332,-0.01053,0.00000,0,0.0161
10.300,CLIMB_TO_HIGH,10.00,9.9497,9.9743,0.2302,0.2703,0.35128,-0.02807,-0.01065,0.00000,0,0.0197
10.321,CLIMB_TO_HIGH,10.00,9.9551,9.9743,0.2269,0.2703,0.34883,-0.03039,-0.01079,0.00000,0,0.0204
10.341,CLIMB_TO_HIGH,10.00,9.9603,9.9793,0.2127,0.2566,0.34835,-0.03073,-0.01092,0.00000,0,0.0205
10.361,CLIMB_TO_HIGH,10.00,9.9650,9.9841,0.1976,0.2431,0.34713,-0.03181,-0.01106,0.00000,0,0.0200
10.380,CLIMB_TO_HIGH,10.00,9.9692,9.9885,0.1828,0.2290,0.34643,-0.03238,-0.01119,0.00000,0,0.0191
10.400,CLIMB_TO_HIGH,10.00,9.9733,9.9928,0.1687,0.2144,0.34668,-0.03200,-0.01133,0.00000,0,0.0200
10.421,CLIMB_TO_HIGH,10.00,9.9773,9.9966,0.1546,0.1995,0.34705,-0.03149,-0.01147,0.00000,0,0.0207
10.440,CLIMB_TO_HIGH,10.00,9.9809,10.0002,0.1393,0.1841,0.34703,-0.03137,-0.01160,0.00000,0,0.0197
10.461,CLIMB_TO_HIGH,10.00,9.9842,10.0036,0.1249,0.1695,0.34703,-0.03124,-0.01173,0.00000,0,0.0202
10.481,CLIMB_TO_HIGH,10.00,9.9871,10.0065,0.1102,0.1549,0.34685,-0.03128,-0.01187,0.00000,0,0.0200
10.505,CLIMB_TO_HIGH,10.00,9.9904,10.0090,0.0969,0.1404,0.34754,-0.03044,-0.01202,0.00000,0,0.0242
10.520,CLIMB_TO_HIGH,10.00,9.9921,10.0115,0.0774,0.1259,0.34388,-0.03398,-0.01214,0.00000,0,0.0152
10.543,CLIMB_TO_HIGH,10.00,9.9946,10.0155,0.0630,0.0964,0.35432,-0.02343,-0.01225,0.00000,0,0.0233
10.560,CLIMB_TO_HIGH,10.00,9.9960,10.0155,0.0481,0.0964,0.34377,-0.03385,-0.01237,0.00000,0,0.0167
10.580,CLIMB_TO_HIGH,10.00,9.9975,10.0171,0.0353,0.0834,0.34386,-0.03362,-0.01252,0.00000,0,0.0201
10.602,CLIMB_TO_HIGH,10.00,9.9988,10.0183,0.0197,0.0683,0.34334,-0.03398,-0.01268,0.00000,0,0.0216
10.621,CLIMB_TO_HIGH,10.00,9.9996,10.0193,0.0013,0.0526,0.34130,-0.03588,-0.01282,0.00000,0,0.0190
10.643,CLIMB_TO_HIGH,10.00,10.0000,10.0199,-0.0398,0.0369,0.32324,-0.05369,-0.01307,0.00000,0,0.0219
10.660,CLIMB_TO_HIGH,10.00,10.0000,10.0203,-0.0406,0.0203,0.33407,-0.04269,-0.01323,0.00000,0,0.0175
10.685,CLIMB_TO_HIGH,10.00,10.0000,10.0196,-0.0393,-0.0235,0.36565,-0.01106,-0.01329,0.00000,0,0.0248
10.700,CLIMB_TO_HIGH,10.00,10.0000,10.0196,-0.0393,-0.0235,0.36561,-0.01106,-0.01333,0.00000,0,0.0152
10.721,CLIMB_TO_HIGH,10.00,10.0000,10.0188,-0.0376,-0.0325,0.37309,-0.00357,-0.01334,0.00000,0,0.0207
10.740,CLIMB_TO_HIGH,10.00,10.0000,10.0178,-0.0356,-0.0363,0.37717,0.00052,-0.01334,0.00000,0,0.0192
10.764,CLIMB_TO_HIGH,10.00,10.0000,10.0169,-0.0338,-0.0377,0.37938,0.00271,-0.01333,0.00000,0,0.0242
10.783,CLIMB_TO_HIGH,10.00,10.0000,10.0159,-0.0317,-0.0364,0.37991,0.00323,-0.01332,0.00000,0,0.0187
10.804,CLIMB_TO_HIGH,10.00,10.0000,10.0140,-0.0279,-0.0308,0.37872,0.00203,-0.01331,0.00000,0,0.0212
10.820,CLIMB_TO_HIGH,10.00,10.0000,10.0140,-0.0279,-0.0308,0.37873,0.00203,-0.01330,0.00000,0,0.0158
10.840,CLIMB_TO_HIGH,10.00,10.0000,10.0130,-0.0259,-0.0281,0.37824,0.00154,-0.01329,0.00000,0,0.0201
10.860,CLIMB_TO_HIGH,10.00,10.0000,10.0122,-0.0245,-0.0257,0.37754,0.00083,-0.01329,0.00000,0,0.0199
10.880,CLIMB_TO_HIGH,10.00,10.0000,10.0114,-0.0228,-0.0233,0.37703,0.00031,-0.01329,0.00000,0,0.0201
10.905,CLIMB_TO_HIGH,10.00,10.0000,10.0099,-0.0198,-0.0197,0.37658,-0.00013,-0.01329,0.00000,0,0.0249
10.920,CLIMB_TO_HIGH,10.00,10.0000,10.0099,-0.0198,-0.0197,0.37658,-0.00013,-0.01329,0.00000,0,0.0151
10.940,CLIMB_TO_HIGH,10.00,10.0000,10.0092,-0.0184,-0.0182,0.37660,-0.00011,-0.01329,0.00000,0,0.0200
10.961,CLIMB_TO_HIGH,10.00,10.0000,10.0087,-0.0173,-0.0171,0.37658,-0.00013,-0.01329,0.00000,0,0.0207
10.981,CLIMB_TO_HIGH,10.00,10.0000,10.0080,-0.0160,-0.0161,0.37675,0.00004,-0.01329,0.00000,0,0.0205
11.000,CLIMB_TO_HIGH,10.00,10.0000,10.0073,-0.0146,-0.0149,0.37695,0.00024,-0.01329,0.00000,0,0.0189
11.020,CLIMB_TO_HIGH,10.00,10.0000,10.0068,-0.0136,-0.0137,0.37678,0.00007,-0.01329,0.00000,0,0.0203
11.040,CLIMB_TO_HIGH,10.00,10.0000,10.0061,-0.0122,-0.0122,0.37671,-0.00000,-0.01329,0.00000,0,0.0195
11.060,CLIMB_TO_HIGH,10.00,10.0000,10.0057,-0.0114,-0.0108,0.37633,-0.00038,-0.01329,0.00000,0,0.0202
11.080,CLIMB_TO_HIGH,10.00,10.0000,10.0051,-0.0102,-0.0095,0.37622,-0.00049,-0.01329,0.00000,0,0.0199
11.100,CLIMB_TO_HIGH,10.00,10.0000,10.0045,-0.0090,-0.0085,0.37636,-0.00035,-0.01329,0.00000,0,0.0200
11.120,CLIMB_TO_HIGH,10.00,10.0000,10.0041,-0.0082,-0.0075,0.37623,-0.00047,-0.01330,0.00000,0,0.0201
11.140,CLIMB_TO_HIGH,10.00,10.0000,10.0035,-0.0070,-0.0066,0.37643,-0.00027,-0.01330,0.00000,0,0.0202
11.165,CLIMB_TO_HIGH,10.00,10.0000,10.0026,-0.0052,-0.0046,0.37625,-0.00045,-0.01330,0.00000,0,0.0247
11.182,CLIMB_TO_HIGH,10.00,10.0000,10.0026,-0.0052,-0.0046,0.37624,-0.00045,-0.01330,0.00000,0,0.0166
11.200,CLIMB_TO_HIGH,10.00,10.0000,10.0021,-0.0041,-0.0037,0.37636,-0.00034,-0.01330,0.00000,0,0.0186
11.220,CLIMB_TO_HIGH,10.00,10.0000,10.0018,-0.0035,-0.0027,0.37613,-0.00057,-0.01330,0.00000,0,0.0199
11.245,CLIMB_TO_HIGH,10.00,10.0000,10.0010,-0.0019,-0.0008,0.37589,-0.00080,-0.01331,0.00000,0,0.0248
11.260,CLIMB_TO_HIGH,10.00,10.0000,10.0010,-0.0019,-0.0008,0.37589,-0.00080,-0.01331,0.00000,0,0.0151
11.283,CLIMB_TO_HIGH,10.00,10.0000,10.0005,-0.0011,0.0001,0.37585,-0.00083,-0.01332,0.00000,0,0.0232
11.300,CLIMB_TO_HIGH,10.00,10.0000,10.0001,-0.0002,0.0010,0.37584,-0.00084,-0.01332,0.00000,0,0.0171
11.320,CLIMB_TO_HIGH,10.00,10.0000,9.9999,0.0003,0.0019,0.37551,-0.00117,-0.01332,0.00000,0,0.0197
11.340,CLIMB_TO_HIGH,10.00,10.0000,9.9994,0.0012,0.0029,0.37548,-0.00119,-0.01333,0.00000,0,0.0200
11.364,CLIMB_TO_HIGH,10.00,10.0000,9.9993,0.0015,0.0036,0.37517,-0.00149,-0.01334,0.00000,0,0.0240
11.382,CLIMB_TO_HIGH,10.00,10.0000,9.9989,0.0022,0.0042,0.37525,-0.00141,-0.01334,0.00000,0,0.0183
11.401,CLIMB_TO_HIGH,10.00,10.0000,9.9985,0.0029,0.0047,0.37544,-0.00121,-0.01335,0.00000,0,0.0189
11.425,CLIMB_TO_HIGH,10.00,10.0000,9.9980,0.0040,0.0056,0.37554,-0.00111,-0.01335,0.00000,0,0.0235
11.444,CLIMB_TO_HIGH,10.00,10.0000,9.9980,0.0040,0.0056,0.37554,-0.00111,-0.01336,0.00000,0,0.0191
11.462,CLIMB_TO_HIGH,10.00,10.0000,9.9979,0.0042,0.0062,0.37527,-0.00137,-0.01336,0.00000,0,0.0183
11.484,CLIMB_TO_HIGH,10.00,10.0000,9.9973,0.0054,0.0072,0.37539,-0.00124,-0.01337,0.00000,0,0.0223
11.500,CLIMB_TO_HIGH,10.00,10.0000,9.9973,0.0054,0.0072,0.37539,-0.00124,-0.01337,0.00000,0,0.0156
11.520,CLIMB_TO_HIGH,10.00,10.0000,9.9972,0.0056,0.0077,0.37519,-0.00143,-0.01338,0.00000,0,0.0200
11.545,CLIMB_TO_HIGH,10.00,10.0000,9.9968,0.0064,0.0085,0.37514,-0.00147,-0.01339,0.00000,0,0.0250
11.560,CLIMB_TO_HIGH,10.00,10.0000,9.9966,0.0069,0.0088,0.37526,-0.00135,-0.01339,0.00000,0,0.0150
11.581,CLIMB_TO_HIGH,10.00,10.0000,9.9966,0.0069,0.0088,0.37525,-0.00135,-0.01340,0.00000,0,0.0212
11.600,CLIMB_TO_HIGH,10.00,10.0000,9.9963,0.0075,0.0092,0.37537,-0.00122,-0.01340,0.00000,0,0.0189
11.620,CLIMB_TO_HIGH,10.00,10.0000,9.9962,0.0076,0.0096,0.37517,-0.00143,-0.01341,0.00000,0,0.0200
11.640,CLIMB_TO_HIGH,10.00,10.0000,9.9959,0.0081,0.0101,0.37519,-0.00140,-0.01341,0.00000,0,0.0199
11.661,CLIMB_TO_HIGH,10.00,10.0000,9.9959,0.0081,0.0107,0.37482,-0.00176,-0.01342,0.00000,0,0.0212
11.680,CLIMB_TO_HIGH,10.00,10.0000,9.9957,0.0085,0.0111,0.37480,-0.00177,-0.01343,0.00000,0,0.0188
11.700,CLIMB_TO_HIGH,10.00,10.0000,9.9955,0.0090,0.0114,0.37490,-0.00166,-0.01344,0.00000,0,0.0200
11.720,CLIMB_TO_HIGH,10.00,10.0000,9.9955,0.0090,0.0116,0.37472,-0.00184,-0.01344,0.00000,0,0.0200
11.741,CLIMB_TO_HIGH,10.00,10.0000,9.9953,0.0094,0.0119,0.37486,-0.00169,-0.01345,0.00000,0,0.0212
11.760,CLIMB_TO_HIGH,10.00,10.0000,9.9953,0.0094,0.0121,0.37463,-0.00191,-0.01346,0.00000,0,0.0188
11.780,CLIMB_TO_HIGH,10.00,10.0000,9.9952,0.0097,0.0123,0.37468,-0.00186,-0.01347,0.00000,0,0.0201
11.800,CLIMB_TO_HIGH,10.00,10.0000,9.9950,0.0101,0.0126,0.37478,-0.00174,-0.01348,0.00000,0,0.0202
11.820,CLIMB_TO_HIGH,10.00,10.0000,9.9948,0.0104,0.0130,0.37468,-0.00184,-0.01348,0.00000,0,0.0196
11.840,HOLD_HIGH,10.00,10.0000,9.9948,0.0104,0.0130,0.37467,-0.00184,-0.01349,0.00000,0,0.0201
11.863,HOLD_HIGH,10.00,10.0000,9.9948,0.0103,0.0133,0.37441,-0.00209,-0.01350,0.00000,0,0.0229
11.881,HOLD_HIGH,10.00,10.0000,9.9946,0.0108,0.0137,0.37449,-0.00200,-0.01351,0.00000,0,0.0182
11.900,HOLD_HIGH,10.00,10.0000,9.9946,0.0108,0.0137,0.37448,-0.00200,-0.01352,0.00000,0,0.0187
11.920,HOLD_HIGH,10.00,10.0000,9.9946,0.0107,0.0139,0.37425,-0.00222,-0.01353,0.00000,0,0.0200
11.942,HOLD_HIGH,10.00,10.0000,9.9945,0.0110,0.0141,0.37430,-0.00216,-0.01354,0.00000,0,0.0224
11.964,HOLD_HIGH,10.00,10.0000,9.9945,0.0109,0.0142,0.37420,-0.00225,-0.01355,0.00000,0,0.0220
11.980,HOLD_HIGH,10.00,10.0000,9.9945,0.0109,0.0142,0.37420,-0.00225,-0.01356,0.00000,0,0.0156
12.000,HOLD_HIGH,10.00,10.0000,9.9944,0.0111,0.0141,0.37438,-0.00205,-0.01356,0.00000,0,0.0200
12.021,HOLD_HIGH,10.00,10.0000,9.9945,0.0110,0.0140,0.37431,-0.00212,-0.01357,0.00000,0,0.0213
12.043,HOLD_HIGH,10.00,10.0000,9.9945,0.0110,0.0141,0.37427,-0.00214,-0.01358,0.00000,0,0.0217
12.060,HOLD_HIGH,10.00,10.0000,9.9945,0.0110,0.0141,0.37426,-0.00214,-0.01359,0.00000,0,0.0170
12.080,HOLD_HIGH,10.00,10.0000,9.9944,0.0111,0.0141,0.37434,-0.00206,-0.01360,0.00000,0,0.0200
12.101,HOLD_HIGH,10.00,10.0000,9.9944,0.0113,0.0140,0.37447,-0.00192,-0.01361,0.00000,0,0.0206
12.120,HOLD_HIGH,10.00,10.0000,9.9944,0.0111,0.0140,0.37433,-0.00205,-0.01362,0.00000,0,0.0195
12.140,HOLD_HIGH,10.00,10.0000,9.9944,0.0113,0.0142,0.37435,-0.00202,-0.01363,0.00000,0,0.0202
12.160,HOLD_HIGH,10.00,10.0000,9.9945,0.0110,0.0142,0.37412,-0.00224,-0.01364,0.00000,0,0.0197
12.183,HOLD_HIGH,10.00,10.0000,9.9945,0.0111,0.0143,0.37407,-0.00228,-0.01365,0.00000,0,0.0235
12.204,HOLD_HIGH,10.00,10.0000,9.9945,0.0110,0.0141,0.37414,-0.00220,-0.01366,0.00000,0,0.0207
12.220,HOLD_HIGH,10.00,10.0000,9.9945,0.0110,0.0141,0.37414,-0.00220,-0.01366,0.00000,0,0.0159
12.240,HOLD_HIGH,10.00,10.0000,9.9944,0.0111,0.0140,0.37432,-0.00200,-0.01367,0.00000,0,0.0203
12.260,HOLD_HIGH,10.00,10.0000,9.9945,0.0109,0.0139,0.37423,-0.00209,-0.01368,0.00000,0,0.0197
12.280,HOLD_HIGH,10.00,10.0000,9.9945,0.0110,0.0139,0.37425,-0.00206,-0.01369,0.00000,0,0.0200
12.300,HOLD_HIGH,10.00,10.0000,9.9945,0.0111,0.0138,0.37437,-0.00193,-0.01370,0.00000,0,0.0200
12.320,HOLD_HIGH,10.00,10.0000,9.9946,0.0109,0.0138,0.37423,-0.00206,-0.01371,0.00000,0,0.0200
12.341,HOLD_HIGH,10.00,10.0000,9.9945,0.0110,0.0138,0.37430,-0.00199,-0.01372,0.00000,0,0.0207
12.360,HOLD_HIGH,10.00,10.0000,9.9945,0.0110,0.0137,0.37437,-0.00191,-0.01372,0.00000,0,0.0193
12.382,HOLD_HIGH,10.00,10.0000,9.9946,0.0107,0.0138,0.37416,-0.00211,-0.01373,0.00000,0,0.0221
12.400,HOLD_HIGH,10.00,10.0000,9.9947,0.0106,0.0138,0.37407,-0.00219,-0.01374,0.00000,0,0.0179
12.423,HOLD_HIGH,10.00,10.0000,9.9947,0.0106,0.0138,0.37406,-0.00219,-0.01375,0.00000,0,0.0227
12.440,HOLD_HIGH,10.00,10.0000,9.9946,0.0107,0.0136,0.37422,-0.00202,-0.01376,0.00000,0,0.0172
12.461,HOLD_HIGH,10.00,10.0000,9.9947,0.0105,0.0134,0.37421,-0.00202,-0.01377,0.00000,0,0.0205
12.480,HOLD_HIGH,10.00,10.0000,9.9947,0.0105,0.0134,0.37420,-0.00202,-0.01378,0.00000,0,0.0195
12.500,HOLD_HIGH,10.00,10.0000,9.9947,0.0106,0.0134,0.37431,-0.00190,-0.01379,0.00000,0,0.0201
12.524,HOLD_HIGH,10.00,10.0000,9.9946,0.0108,0.0133,0.37445,-0.00176,-0.01380,0.00000,0,0.0235
12.542,HOLD_HIGH,10.00,10.0000,9.9947,0.0105,0.0133,0.37426,-0.00194,-0.01380,0.00000,0,0.0183
12.560,HOLD_HIGH,10.00,10.0000,9.9947,0.0106,0.0133,0.37424,-0.00195,-0.01381,0.00000,0,0.0184
12.583,HOLD_HIGH,10.00,10.0000,9.9949,0.0103,0.0133,0.37403,-0.00215,-0.01382,0.00000,0,0.0226
12.603,HOLD_HIGH,10.00,10.0000,9.9948,0.0104,0.0131,0.37428,-0.00190,-0.01383,0.00000,0,0.0196
12.620,HOLD_HIGH,10.00,10.0000,9.9948,0.0104,0.0131,0.37427,-0.00190,-0.01384,0.00000,0,0.0175
12.642,HOLD_HIGH,10.00,10.0000,9.9949,0.0102,0.0130,0.37416,-0.00199,-0.01385,0.00000,0,0.0219
12.661,HOLD_HIGH,10.00,10.0000,9.9949,0.0102,0.0130,0.37419,-0.00196,-0.01385,0.00000,0,0.0186
12.685,HOLD_HIGH,10.00,10.0000,9.9951,0.0099,0.0129,0.37404,-0.00210,-0.01386,0.00000,0,0.0244
12.703,HOLD_HIGH,10.00,10.0000,9.9951,0.0099,0.0129,0.37403,-0.00210,-0.01387,0.00000,0,0.0183
12.721,HOLD_HIGH,10.00,10.0000,9.9952,0.0096,0.0126,0.37405,-0.00207,-0.01388,0.00000,0,0.0173
12.740,HOLD_HIGH,10.00,10.0000,9.9952,0.0096,0.0126,0.37404,-0.00207,-0.01389,0.00000,0,0.0195
12.760,HOLD_HIGH,10.00,10.0000,9.9952,0.0096,0.0124,0.37411,-0.00199,-0.01390,0.00000,0,0.0204
12.780,HOLD_HIGH,10.00,10.0000,9.9953,0.0093,0.0123,0.37399,-0.00210,-0.01391,0.00000,0,0.0199
12.805,HOLD_HIGH,10.00,10.0000,9.9954,0.0093,0.0122,0.37404,-0.00204,-0.01392,0.00000,0,0.0246
12.820,HOLD_HIGH,10.00,10.0000,9.9954,0.0093,0.0120,0.37417,-0.00191,-0.01392,0.00000,0,0.0151
12.844,HOLD_HIGH,10.00,10.0000,9.9955,0.0090,0.0118,0.37415,-0.00192,-0.01393,0.00000,0,0.0238
12.860,HOLD_HIGH,10.00,10.0000,9.9955,0.0091,0.0116,0.37433,-0.00174,-0.01394,0.00000,0,0.0162
12.880,HOLD_HIGH,10.00,10.0000,9.9956,0.0089,0.0114,0.37427,-0.00178,-0.01395,0.00000,0,0.0200
12.900,HOLD_HIGH,10.00,10.0000,9.9956,0.0088,0.0114,0.37422,-0.00183,-0.01395,0.00000,0,0.0200
12.922,HOLD_HIGH,10.00,10.0000,9.9956,0.0088,0.0114,0.37422,-0.00182,-0.01396,0.00000,0,0.0218
12.945,HOLD_HIGH,10.00,10.0000,9.9957,0.0086,0.0114,0.37408,-0.00195,-0.01397,0.00000,0,0.0227
12.963,HOLD_HIGH,10.00,10.0000,9.9957,0.0086,0.0114,0.37412,-0.00190,-0.01398,0.00000,0,0.0182
12.981,HOLD_HIGH,10.00,10.0000,9.9958,0.0084,0.0111,0.37408,-0.00193,-0.01399,0.00000,0,0.0179
13.000,HOLD_HIGH,10.00,10.0000,9.9958,0.0084,0.0111,0.37407,-0.00193,-0.01400,0.00000,0,0.0195
13.020,HOLD_HIGH,10.00,10.0000,9.9958,0.0084,0.0110,0.37418,-0.00182,-0.01400,0.00000,0,0.0203
13.040,HOLD_HIGH,10.00,10.0000,9.9959,0.0082,0.0109,0.37411,-0.00188,-0.01401,0.00000,0,0.0198
13.060,HOLD_HIGH,10.00,10.0000,9.9959,0.0083,0.0108,0.37421,-0.00177,-0.01402,0.00000,0,0.0198
13.082,HOLD_HIGH,10.00,10.0000,9.9960,0.0081,0.0108,0.37406,-0.00191,-0.01403,0.00000,0,0.0222
13.104,HOLD_HIGH,10.00,10.0000,9.9960,0.0081,0.0107,0.37414,-0.00183,-0.01404,0.00000,0,0.0222
13.120,HOLD_HIGH,10.00,10.0000,9.9960,0.0081,0.0107,0.37413,-0.00183,-0.01404,0.00000,0,0.0156
13.140,HOLD_HIGH,10.00,10.0000,9.9961,0.0079,0.0106,0.37403,-0.00191,-0.01405,0.00000,0,0.0201
13.163,HOLD_HIGH,10.00,10.0000,9.9960,0.0079,0.0106,0.37409,-0.00185,-0.01406,0.00000,0,0.0226
13.181,HOLD_HIGH,10.00,10.0000,9.9961,0.0079,0.0104,0.37417,-0.00177,-0.01407,0.00000,0,0.0186
13.200,HOLD_HIGH,10.00,10.0000,9.9962,0.0077,0.0103,0.37405,-0.00187,-0.01407,0.00000,0,0.0191
13.220,HOLD_HIGH,10.00,10.0000,9.9962,0.0077,0.0102,0.37411,-0.00181,-0.01408,0.00000,0,0.0197
13.240,HOLD_HIGH,10.00,10.0000,9.9963,0.0075,0.0101,0.37406,-0.00185,-0.01409,0.00000,0,0.0200
13.261,HOLD_HIGH,10.00,10.0000,9.9962,0.0075,0.0101,0.37412,-0.00178,-0.01410,0.00000,0,0.0213
13.282,HOLD_HIGH,10.00,10.0000,9.9962,0.0075,0.0100,0.37418,-0.00172,-0.01411,0.00000,0,0.0203
13.305,HOLD_HIGH,10.00,10.0000,9.9964,0.0073,0.0098,0.37410,-0.00178,-0.01411,0.00000,0,0.0228
13.323,HOLD_HIGH,10.00,10.0000,9.9964,0.0073,0.0098,0.37411,-0.00177,-0.01412,0.00000,0,0.0188
13.341,HOLD_HIGH,10.00,10.0000,9.9965,0.0071,0.0098,0.37399,-0.00188,-0.01413,0.00000,0,0.0172
13.361,HOLD_HIGH,10.00,10.0000,9.9965,0.0071,0.0097,0.37405,-0.00181,-0.01414,0.00000,0,0.0199
13.380,HOLD_HIGH,10.00,10.0000,9.9965,0.0070,0.0096,0.37407,-0.00179,-0.01414,0.00000,0,0.0195
13.400,HOLD_HIGH,10.00,10.0000,9.9966,0.0068,0.0094,0.37399,-0.00186,-0.01415,0.00000,0,0.0204
13.420,HOLD_HIGH,10.00,10.0000,9.9966,0.0068,0.0093,0.37405,-0.00179,-0.01416,0.00000,0,0.0198
13.443,HOLD_HIGH,10.00,10.0000,9.9967,0.0066,0.0092,0.37404,-0.00179,-0.01417,0.00000,0,0.0232
13.461,HOLD_HIGH,10.00,10.0000,9.9967,0.0066,0.0090,0.37418,-0.00165,-0.01417,0.00000,0,0.0176
13.485,HOLD_HIGH,10.00,10.0000,9.9967,0.0066,0.0088,0.37429,-0.00153,-0.01418,0.00000,0,0.0238
13.500,HOLD_HIGH,10.00,10.0000,9.9968,0.0064,0.0087,0.37424,-0.00158,-0.01419,0.00000,0,0.0153
13.520,HOLD_HIGH,10.00,10.0000,9.9968,0.0064,0.0086,0.37428,-0.00152,-0.01419,0.00000,0,0.0202
13.543,HOLD_HIGH,10.00,10.0000,9.9969,0.0062,0.0086,0.37417,-0.00163,-0.01420,0.00000,0,0.0231
13.561,HOLD_HIGH,10.00,10.0000,9.9969,0.0062,0.0086,0.37414,-0.00165,-0.01421,0.00000,0,0.0175
13.580,HOLD_HIGH,10.00,10.0000,9.9969,0.0062,0.0086,0.37409,-0.00169,-0.01422,0.00000,0,0.0194
13.600,HOLD_HIGH,10.00,10.0000,9.9970,0.0059,0.0085,0.37397,-0.00181,-0.01422,0.00000,0,0.0200
13.625,HOLD_HIGH,10.00,10.0000,9.9971,0.0058,0.0083,0.37398,-0.00179,-0.01423,0.00000,0,0.0248
13.641,HOLD_HIGH,10.00,10.0000,9.9971,0.0058,0.0083,0.37397,-0.00179,-0.01424,0.00000,0,0.0163
13.664,HOLD_HIGH,10.00,10.0000,9.9971,0.0058,0.0082,0.37408,-0.00167,-0.01425,0.00000,0,0.0226
13.684,HOLD_HIGH,10.00,10.0000,9.9972,0.0056,0.0079,0.37413,-0.00161,-0.01425,0.00000,0,0.0202
13.700,HOLD_HIGH,10.00,10.0000,9.9972,0.0056,0.0079,0.37413,-0.00161,-0.01426,0.00000,0,0.0160
13.725,HOLD_HIGH,10.00,10.0000,9.9972,0.0056,0.0078,0.37419,-0.00154,-0.01427,0.00000,0,0.0250
13.744,HOLD_HIGH,10.00,10.0000,9.9973,0.0055,0.0077,0.37418,-0.00154,-0.01427,0.00000,0,0.0188
13.762,HOLD_HIGH,10.00,10.0000,9.9973,0.0054,0.0076,0.37421,-0.00151,-0.01428,0.00000,0,0.0178
13.780,HOLD_HIGH,10.00,10.0000,9.9973,0.0054,0.0076,0.37421,-0.00151,-0.01429,0.00000,0,0.0184
13.800,HOLD_HIGH,10.00,10.0000,9.9974,0.0053,0.0076,0.37409,-0.00162,-0.01429,0.00000,0,0.0200
13.821,HOLD_HIGH,10.00,10.0000,9.9974,0.0053,0.0076,0.37410,-0.00160,-0.01430,0.00000,0,0.0207
13.840,HOLD_HIGH,10.00,10.0000,9.9974,0.0052,0.0075,0.37406,-0.00163,-0.01431,0.00000,0,0.0193
13.861,HOLD_HIGH,10.00,10.0000,9.9974,0.0052,0.0074,0.37412,-0.00157,-0.01431,0.00000,0,0.0207
13.880,HOLD_HIGH,10.00,10.0000,9.9974,0.0052,0.0074,0.37417,-0.00151,-0.01432,0.00000,0,0.0194
13.903,HOLD_HIGH,10.00,10.0000,9.9975,0.0051,0.0073,0.37410,-0.00158,-0.01433,0.00000,0,0.0231
13.921,HOLD_HIGH,10.00,10.0000,9.9975,0.0050,0.0072,0.37413,-0.00153,-0.01433,0.00000,0,0.0175
13.940,HOLD_HIGH,10.00,10.0000,9.9976,0.0049,0.0072,0.37405,-0.00161,-0.01434,0.00000,0,0.0195
13.962,HOLD_HIGH,10.00,10.0000,9.9976,0.0048,0.0071,0.37406,-0.00160,-0.01435,0.00000,0,0.0221
13.980,HOLD_HIGH,10.00,10.0000,9.9976,0.0047,0.0070,0.37409,-0.00156,-0.01435,0.00000,0,0.0177
14.004,HOLD_HIGH,10.00,10.0000,9.9977,0.0046,0.0068,0.37405,-0.00159,-0.01436,0.00000,0,0.0239
14.024,HOLD_HIGH,10.00,10.0000,9.9977,0.0045,0.0067,0.37412,-0.00151,-0.01437,0.00000,0,0.0200
14.041,HOLD_HIGH,10.00,10.0000,9.9978,0.0044,0.0065,0.37415,-0.00148,-0.01437,0.00000,0,0.0171
14.063,HOLD_HIGH,10.00,10.0000,9.9978,0.0043,0.0063,0.37424,-0.00138,-0.01438,0.00000,0,0.0215
14.084,HOLD_HIGH,10.00,10.0000,9.9979,0.0041,0.0061,0.37425,-0.00136,-0.01439,0.00000,0,0.0217
14.100,HOLD_HIGH,10.00,10.0000,9.9979,0.0041,0.0061,0.37425,-0.00136,-0.01439,0.00000,0,0.0157
14.123,HOLD_HIGH,10.00,10.0000,9.9980,0.0041,0.0061,0.37419,-0.00141,-0.01440,0.00000,0,0.0227
14.144,HOLD_HIGH,10.00,10.0000,9.9981,0.0038,0.0062,0.37397,-0.00163,-0.01441,0.00000,0,0.0215
14.163,HOLD_HIGH,10.00,10.0000,9.9981,0.0038,0.0062,0.37396,-0.00163,-0.01441,0.00000,0,0.0190
14.180,HOLD_HIGH,10.00,10.0000,9.9981,0.0037,0.0061,0.37393,-0.00165,-0.01442,0.00000,0,0.0171
14.205,HOLD_HIGH,10.00,10.0000,9.9983,0.0035,0.0058,0.37394,-0.00164,-0.01443,0.00000,0,0.0245
14.220,HOLD_HIGH,10.00,10.0000,9.9983,0.0035,0.0058,0.37393,-0.00164,-0.01443,0.00000,0,0.0151
14.240,HOLD_HIGH,10.00,10.0000,9.9983,0.0033,0.0056,0.37398,-0.00158,-0.01444,0.00000,0,0.0200
14.260,HOLD_HIGH,10.00,10.0000,9.9984,0.0033,0.0054,0.37410,-0.00146,-0.01444,0.00000,0,0.0201
14.280,HOLD_HIGH,10.00,10.0000,9.9984,0.0032,0.0052,0.37419,-0.00136,-0.01445,0.00000,0,0.0200
14.300,HOLD_HIGH,10.00,10.0000,9.9984,0.0031,0.0050,0.37422,-0.00132,-0.01446,0.00000,0,0.0200
14.323,HOLD_HIGH,10.00,10.0000,9.9985,0.0031,0.0050,0.37419,-0.00135,-0.01446,0.00000,0,0.0231
14.340,HOLD_HIGH,10.00,10.0000,9.9985,0.0029,0.0050,0.37408,-0.00145,-0.01447,0.00000,0,0.0173
14.360,HOLD_HIGH,10.00,10.0000,9.9986,0.0029,0.0050,0.37404,-0.00149,-0.01447,0.00000,0,0.0197
14.380,HOLD_HIGH,10.00,10.0000,9.9986,0.0028,0.0049,0.37402,-0.00150,-0.01448,0.00000,0,0.0198
14.400,HOLD_HIGH,10.00,10.0000,9.9987,0.0026,0.0049,0.37395,-0.00156,-0.01449,0.00000,0,0.0203
14.420,HOLD_HIGH,10.00,10.0000,9.9987,0.0026,0.0047,0.37398,-0.00153,-0.01449,0.00000,0,0.0197
14.440,HOLD_HIGH,10.00,10.0000,9.9988,0.0025,0.0046,0.37401,-0.00149,-0.01450,0.00000,0,0.0200
14.460,HOLD_HIGH,10.00,10.0000,9.9988,0.0025,0.0044,0.37414,-0.00136,-0.01451,0.00000,0,0.0201
14.480,HOLD_HIGH,10.00,10.0000,9.9988,0.0024,0.0042,0.37425,-0.00124,-0.01451,0.00000,0,0.0201
14.501,HOLD_HIGH,10.00,10.0000,9.9988,0.0023,0.0040,0.37430,-0.00118,-0.01452,0.00000,0,0.0202
14.521,HOLD_HIGH,10.00,10.0000,9.9988,0.0023,0.0040,0.37433,-0.00115,-0.01452,0.00000,0,0.0208
14.540,HOLD_HIGH,10.00,10.0000,9.9989,0.0022,0.0040,0.37422,-0.00126,-0.01453,0.00000,0,0.0187
14.560,HOLD_HIGH,10.00,10.0000,9.9989,0.0022,0.0041,0.37414,-0.00133,-0.01453,0.00000,0,0.0200
14.580,HOLD_HIGH,10.00,10.0000,9.9989,0.0021,0.0041,0.37406,-0.00140,-0.01454,0.00000,0,0.0201
14.600,HOLD_HIGH,10.00,10.0000,9.9990,0.0020,0.0041,0.37399,-0.00147,-0.01455,0.00000,0,0.0199
14.621,HOLD_HIGH,10.00,10.0000,9.9990,0.0020,0.0040,0.37402,-0.00143,-0.01455,0.00000,0,0.0206
14.640,HOLD_HIGH,10.00,10.0000,9.9990,0.0020,0.0039,0.37410,-0.00134,-0.01456,0.00000,0,0.0194
14.660,HOLD_HIGH,10.00,10.0000,9.9990,0.0019,0.0038,0.37412,-0.00131,-0.01456,0.00000,0,0.0200
14.680,HOLD_HIGH,10.00,10.0000,9.9990,0.0019,0.0038,0.37414,-0.00129,-0.01457,0.00000,0,0.0200
14.700,HOLD_HIGH,10.00,10.0000,9.9991,0.0018,0.0037,0.37411,-0.00132,-0.01457,0.00000,0,0.0201
14.725,HOLD_HIGH,10.00,10.0000,9.9991,0.0018,0.0036,0.37413,-0.00129,-0.01458,0.00000,0,0.0245
14.740,HOLD_HIGH,10.00,10.0000,9.9991,0.0018,0.0036,0.37413,-0.00129,-0.01458,0.00000,0,0.0156
14.762,HOLD_HIGH,10.00,10.0000,9.9992,0.0017,0.0036,0.37407,-0.00134,-0.01459,0.00000,0,0.0220
14.783,HOLD_HIGH,10.00,10.0000,9.9992,0.0016,0.0035,0.37407,-0.00133,-0.01460,0.00000,0,0.0203
14.800,HOLD_HIGH,10.00,10.0000,9.9992,0.0015,0.0034,0.37405,-0.00135,-0.01460,0.00000,0,0.0175
14.820,HOLD_HIGH,10.00,10.0000,9.9993,0.0015,0.0034,0.37405,-0.00134,-0.01461,0.00000,0,0.0200
14.841,HOLD_HIGH,10.00,10.0000,9.9993,0.0015,0.0034,0.37408,-0.00131,-0.01461,0.00000,0,0.0210
14.865,HOLD_HIGH,10.00,10.0000,9.9993,0.0014,0.0033,0.37407,-0.00131,-0.01462,0.00000,0,0.0237
14.880,HOLD_HIGH,10.00,10.0000,9.9993,0.0014,0.0032,0.37408,-0.00129,-0.01462,0.00000,0,0.0153
14.900,HOLD_HIGH,10.00,10.0000,9.9994,0.0013,0.0032,0.37404,-0.00133,-0.01463,0.00000,0,0.0199
14.925,HOLD_HIGH,10.00,10.0000,9.9994,0.0012,0.0031,0.37404,-0.00132,-0.01464,0.00000,0,0.0250
14.944,HOLD_HIGH,10.00,10.0000,9.9994,0.0011,0.0030,0.37404,-0.00132,-0.01464,0.00000,0,0.0188
14.962,HOLD_HIGH,10.00,10.0000,9.9995,0.0010,0.0030,0.37397,-0.00139,-0.01465,0.00000,0,0.0179
14.980,HOLD_HIGH,10.00,10.0000,9.9995,0.0009,0.0030,0.37390,-0.00144,-0.01465,0.00000,0,0.0186
15.000,HOLD_HIGH,10.00,10.0000,9.9996,0.0008,0.0029,0.37390,-0.00144,-0.01466,0.00000,0,0.0200
15.023,HOLD_HIGH,10.00,10.0000,9.9996,0.0008,0.0027,0.37395,-0.00138,-0.01467,0.00000,0,0.0227
15.040,HOLD_HIGH,10.00,10.0000,9.9996,0.0007,0.0026,0.37405,-0.00128,-0.01467,0.00000,0,0.0171
15.061,HOLD_HIGH,10.00,10.0000,9.9997,0.0007,0.0024,0.37412,-0.00120,-0.01468,0.00000,0,0.0205
15.080,HOLD_HIGH,10.00,10.0000,9.9997,0.0006,0.0022,0.37420,-0.00112,-0.01468,0.00000,0,0.0196
15.100,HOLD_HIGH,10.00,10.0000,9.9997,0.0006,0.0021,0.37425,-0.00107,-0.01469,0.00000,0,0.0199
15.123,HOLD_HIGH,10.00,10.0000,9.9997,0.0005,0.0020,0.37429,-0.00102,-0.01469,0.00000,0,0.0224
15.144,HOLD_HIGH,10.00,10.0000,9.9998,0.0004,0.0020,0.37420,-0.00111,-0.01470,0.00000,0,0.0219
15.163,HOLD_HIGH,10.00,10.0000,9.9998,0.0003,0.0021,0.37407,-0.00123,-0.01470,0.00000,0,0.0188
15.183,HOLD_HIGH,10.00,10.0000,9.9999,0.0003,0.0021,0.37398,-0.00132,-0.01471,0.00000,0,0.0203
15.201,HOLD_HIGH,10.00,10.0000,9.9999,0.0002,0.0021,0.37393,-0.00136,-0.01471,0.00000,0,0.0177
15.221,HOLD_HIGH,10.00,10.0000,10.0000,0.0001,0.0020,0.37392,-0.00136,-0.01472,0.00000,0,0.0199
15.240,HOLD_HIGH,10.00,10.0000,10.0000,0.0001,0.0019,0.37400,-0.00127,-0.01472,0.00000,0,0.0193
15.265,HOLD_HIGH,10.00,10.0000,10.0000,-0.0000,0.0015,0.37422,-0.00106,-0.01473,0.00000,0,0.0246
15.280,HOLD_HIGH,10.00,10.0000,10.0000,-0.0000,0.0015,0.37421,-0.00106,-0.01473,0.00000,0,0.0151
15.302,HOLD_HIGH,10.00,10.0000,10.0000,-0.0001,0.0014,0.37423,-0.00104,-0.01474,0.00000,0,0.0219
15.325,HOLD_HIGH,10.00,10.0000,10.0001,-0.0001,0.0014,0.37420,-0.00106,-0.01474,0.00000,0,0.0226
15.343,HOLD_HIGH,10.00,10.0000,10.0001,-0.0002,0.0014,0.37412,-0.00113,-0.01475,0.00000,0,0.0183
15.360,HOLD_HIGH,10.00,10.0000,10.0001,-0.0002,0.0015,0.37406,-0.00119,-0.01475,0.00000,0,0.0172
15.381,HOLD_HIGH,10.00,10.0000,10.0002,-0.0003,0.0015,0.37397,-0.00128,-0.01476,0.00000,0,0.0208
15.402,HOLD_HIGH,10.00,10.0000,10.0002,-0.0004,0.0014,0.37395,-0.00128,-0.01476,0.00000,0,0.0212
15.420,HOLD_HIGH,10.00,10.0000,10.0002,-0.0004,0.0014,0.37398,-0.00125,-0.01477,0.00000,0,0.0180
15.440,HOLD_HIGH,10.00,10.0000,10.0002,-0.0004,0.0013,0.37404,-0.00119,-0.01477,0.00000,0,0.0200
15.460,HOLD_HIGH,10.00,10.0000,10.0002,-0.0005,0.0011,0.37410,-0.00113,-0.01478,0.00000,0,0.0200
15.481,HOLD_HIGH,10.00,10.0000,10.0002,-0.0005,0.0011,0.37411,-0.00111,-0.01478,0.00000,0,0.0210
15.503,HOLD_HIGH,10.00,10.0000,10.0003,-0.0005,0.0011,0.37406,-0.00115,-0.01479,0.00000,0,0.0216
15.522,HOLD_HIGH,10.00,10.0000,10.0003,-0.0006,0.0011,0.37402,-0.00119,-0.01479,0.00000,0,0.0197
15.540,HOLD_HIGH,10.00,10.0000,10.0003,-0.0006,0.0011,0.37398,-0.00122,-0.01480,0.00000,0,0.0180
15.564,HOLD_HIGH,10.00,10.0000,10.0003,-0.0007,0.0011,0.37399,-0.00121,-0.01480,0.00000,0,0.0241
15.582,HOLD_HIGH,10.00,10.0000,10.0004,-0.0007,0.0010,0.37401,-0.00118,-0.01481,0.00000,0,0.0175
15.603,HOLD_HIGH,10.00,10.0000,10.0004,-0.0008,0.0008,0.37408,-0.00111,-0.01481,0.00000,0,0.0215
15.621,HOLD_HIGH,10.00,10.0000,10.0004,-0.0008,0.0007,0.37413,-0.00105,-0.01482,0.00000,0,0.0173
15.643,HOLD_HIGH,10.00,10.0000,10.0004,-0.0008,0.0007,0.37418,-0.00100,-0.01482,0.00000,0,0.0224
15.664,HOLD_HIGH,10.00,10.0000,10.0004,-0.0008,0.0006,0.37421,-0.00097,-0.01483,0.00000,0,0.0211
15.684,HOLD_HIGH,10.00,10.0000,10.0004,-0.0008,0.0006,0.37420,-0.00097,-0.01483,0.00000,0,0.0197
15.700,HOLD_HIGH,10.00,10.0000,10.0004,-0.0008,0.0006,0.37418,-0.00099,-0.01483,0.00000,0,0.0161
15.720,HOLD_HIGH,10.00,10.0000,10.0004,-0.0008,0.0007,0.37412,-0.00104,-0.01484,0.00000,0,0.0202
15.740,HOLD_HIGH,10.00,10.0000,10.0004,-0.0008,0.0007,0.37406,-0.00109,-0.01484,0.00000,0,0.0198
15.763,HOLD_HIGH,10.00,10.0000,10.0004,-0.0009,0.0007,0.37402,-0.00113,-0.01485,0.00000,0,0.0234
15.784,HOLD_HIGH,10.00,10.0000,10.0005,-0.0010,0.0006,0.37406,-0.00109,-0.01485,0.00000,0,0.0207
15.800,HOLD_HIGH,10.00,10.0000,10.0005,-0.0010,0.0006,0.37406,-0.00109,-0.01486,0.00000,0,0.0159
15.825,HOLD_HIGH,10.00,10.0000,10.0005,-0.0010,0.0005,0.37410,-0.00104,-0.01486,0.00000,0,0.0249
15.844,HOLD_HIGH,10.00,10.0000,10.0005,-0.0010,0.0005,0.37408,-0.00105,-0.01487,0.00000,0,0.0188
15.860,HOLD_HIGH,10.00,10.0000,10.0005,-0.0010,0.0005,0.37408,-0.00105,-0.01487,0.00000,0,0.0163
15.881,HOLD_HIGH,10.00,10.0000,10.0005,-0.0009,0.0005,0.37411,-0.00102,-0.01487,0.00000,0,0.0209
15.901,HOLD_HIGH,10.00,10.0000,10.0005,-0.0010,0.0005,0.37413,-0.00099,-0.01488,0.00000,0,0.0198
15.920,HOLD_HIGH,10.00,10.0000,10.0005,-0.0010,0.0004,0.37414,-0.00098,-0.01488,0.00000,0,0.0192
15.943,HOLD_HIGH,10.00,10.0000,10.0005,-0.0010,0.0004,0.37413,-0.00099,-0.01489,0.00000,0,0.0234
15.962,HOLD_HIGH,10.00,10.0000,10.0005,-0.0010,0.0004,0.37410,-0.00100,-0.01489,0.00000,0,0.0189
15.984,HOLD_HIGH,10.00,10.0000,10.0005,-0.0010,0.0004,0.37408,-0.00103,-0.01490,0.00000,0,0.0216
16.001,HOLD_HIGH,10.00,10.0000,10.0005,-0.0010,0.0004,0.37406,-0.00104,-0.01490,0.00000,0,0.0167
16.022,HOLD_HIGH,10.00,10.0000,10.0005,-0.0011,0.0004,0.37403,-0.00107,-0.01491,0.00000,0,0.0212
16.045,HOLD_HIGH,10.00,10.0000,10.0006,-0.0012,0.0004,0.37401,-0.00108,-0.01491,0.00000,0,0.0229
16.060,HOLD_HIGH,10.00,10.0000,10.0006,-0.0012,0.0004,0.37400,-0.00108,-0.01491,0.00000,0,0.0158
16.080,HOLD_HIGH,10.00,10.0000,10.0006,-0.0012,0.0003,0.37402,-0.00107,-0.01492,0.00000,0,0.0197
16.102,HOLD_HIGH,10.00,10.0000,10.0006,-0.0012,0.0002,0.37404,-0.00103,-0.01492,0.00000,0,0.0216
16.120,HOLD_HIGH,10.00,10.0000,10.0007,-0.0013,0.0002,0.37402,-0.00105,-0.01493,0.00000,0,0.0186
16.145,HOLD_HIGH,10.00,10.0000,10.0007,-0.0015,0.0002,0.37393,-0.00114,-0.01493,0.00000,0,0.0248
16.164,HOLD_HIGH,10.00,10.0000,10.0008,-0.0017,0.0001,0.37385,-0.00121,-0.01494,0.00000,0,0.0188
16.181,HOLD_HIGH,10.00,10.0000,10.0009,-0.0017,-0.0001,0.37390,-0.00115,-0.01494,0.00000,0,0.0173
16.205,HOLD_HIGH,10.00,10.0000,10.0009,-0.0018,-0.0002,0.37394,-0.00111,-0.01495,0.00000,0,0.0237
16.220,HOLD_HIGH,10.00,10.0000,10.0009,-0.0018,-0.0002,0.37394,-0.00111,-0.01495,0.00000,0,0.0154
16.240,HOLD_HIGH,10.00,10.0000,10.0010,-0.0019,-0.0004,0.37398,-0.00106,-0.01496,0.00000,0,0.0199
16.260,HOLD_HIGH,10.00,10.0000,10.0010,-0.0020,-0.0006,0.37407,-0.00097,-0.01496,0.00000,0,0.0200
16.280,HOLD_HIGH,10.00,10.0000,10.0010,-0.0020,-0.0007,0.37410,-0.00094,-0.01496,0.00000,0,0.0200
16.302,HOLD_HIGH,10.00,10.0000,10.0010,-0.0021,-0.0008,0.37418,-0.00085,-0.01497,0.00000,0,0.0221
16.323,HOLD_HIGH,10.00,10.0000,10.0011,-0.0022,-0.0010,0.37418,-0.00085,-0.01497,0.00000,0,0.0212
16.341,HOLD_HIGH,10.00,10.0000,10.0012,-0.0023,-0.0010,0.37411,-0.00092,-0.01498,0.00000,0,0.0173
16.361,HOLD_HIGH,10.00,10.0000,10.0012,-0.0024,-0.0011,0.37414,-0.00088,-0.01498,0.00000,0,0.0205
16.380,HOLD_HIGH,10.00,10.0000,10.0013,-0.0025,-0.0012,0.37409,-0.00093,-0.01498,0.00000,0,0.0188
16.400,HOLD_HIGH,10.00,10.0000,10.0013,-0.0026,-0.0012,0.37409,-0.00092,-0.01499,0.00000,0,0.0200
16.421,HOLD_HIGH,10.00,10.0000,10.0013,-0.0027,-0.0012,0.37399,-0.00101,-0.01499,0.00000,0,0.0209
16.442,HOLD_HIGH,10.00,10.0000,10.0014,-0.0028,-0.0012,0.37391,-0.00110,-0.01500,0.00000,0,0.0213
16.460,HOLD_HIGH,10.00,10.0000,10.0014,-0.0028,-0.0013,0.37394,-0.00106,-0.01500,0.00000,0,0.0179
16.480,HOLD_HIGH,10.00,10.0000,10.0014,-0.0029,-0.0014,0.37395,-0.00105,-0.01501,0.00000,0,0.0201
16.500,HOLD_HIGH,10.00,10.0000,10.0015,-0.0030,-0.0016,0.37400,-0.00099,-0.01501,0.00000,0,0.0200
16.522,HOLD_HIGH,10.00,10.0000,10.0015,-0.0030,-0.0017,0.37407,-0.00091,-0.01501,0.00000,0,0.0217
16.540,HOLD_HIGH,10.00,10.0000,10.0016,-0.0032,-0.0019,0.37412,-0.00087,-0.01502,0.00000,0,0.0184
16.560,HOLD_HIGH,10.00,10.0000,10.0016,-0.0032,-0.0019,0.37411,-0.00087,-0.01502,0.00000,0,0.0200
16.581,HOLD_HIGH,10.00,10.0000,10.0016,-0.0033,-0.0020,0.37407,-0.00090,-0.01503,0.00000,0,0.0211
16.605,HOLD_HIGH,10.00,10.0000,10.0017,-0.0034,-0.0023,0.37421,-0.00076,-0.01503,0.00000,0,0.0236
16.620,HOLD_HIGH,10.00,10.0000,10.0017,-0.0034,-0.0023,0.37420,-0.00076,-0.01503,0.00000,0,0.0153
16.640,HOLD_HIGH,10.00,10.0000,10.0017,-0.0034,-0.0022,0.37409,-0.00087,-0.01504,0.00000,0,0.0204
16.660,HOLD_HIGH,10.00,10.0000,10.0017,-0.0034,-0.0020,0.37396,-0.00100,-0.01504,0.00000,0,0.0197
16.680,HOLD_HIGH,10.00,10.0000,10.0017,-0.0035,-0.0021,0.37397,-0.00098,-0.01504,0.00000,0,0.0198
16.703,HOLD_HIGH,10.00,10.0000,10.0018,-0.0035,-0.0023,0.37407,-0.00089,-0.01505,0.00000,0,0.0231
16.720,HOLD_HIGH,10.00,10.0000,10.0018,-0.0035,-0.0024,0.37419,-0.00076,-0.01505,0.00000,0,0.0171
16.740,HOLD_HIGH,10.00,10.0000,10.0018,-0.0036,-0.0025,0.37415,-0.00080,-0.01505,0.00000,0,0.0198
16.760,HOLD_HIGH,10.00,10.0000,10.0019,-0.0037,-0.0025,0.37410,-0.00084,-0.01506,0.00000,0,0.0200
16.783,HOLD_HIGH,10.00,10.0000,10.0019,-0.0037,-0.0026,0.37414,-0.00079,-0.01506,0.00000,0,0.0228
16.802,HOLD_HIGH,10.00,10.0000,10.0019,-0.0038,-0.0027,0.37413,-0.00081,-0.01507,0.00000,0,0.0187
16.824,HOLD_HIGH,10.00,10.0000,10.0019,-0.0038,-0.0028,0.37420,-0.00073,-0.01507,0.00000,0,0.0225
16.844,HOLD_HIGH,10.00,10.0000,10.0020,-0.0039,-0.0030,0.37427,-0.00065,-0.01507,0.00000,0,0.0200
16.861,HOLD_HIGH,10.00,10.0000,10.0020,-0.0039,-0.0030,0.37427,-0.00065,-0.01507,0.00000,0,0.0165
16.884,HOLD_HIGH,10.00,10.0000,10.0019,-0.0039,-0.0030,0.37431,-0.00061,-0.01508,0.00000,0,0.0236
16.901,HOLD_HIGH,10.00,10.0000,10.0019,-0.0039,-0.0029,0.37422,-0.00070,-0.01508,0.00000,0,0.0164
16.921,HOLD_HIGH,10.00,10.0000,10.0019,-0.0039,-0.0028,0.37421,-0.00071,-0.01508,0.00000,0,0.0203
16.940,HOLD_HIGH,10.00,10.0000,10.0020,-0.0040,-0.0028,0.37407,-0.00085,-0.01509,0.00000,0,0.0192
16.962,HOLD_HIGH,10.00,10.0000,10.0020,-0.0041,-0.0027,0.37394,-0.00097,-0.01509,0.00000,0,0.0222
16.981,HOLD_HIGH,10.00,10.0000,10.0020,-0.0041,-0.0027,0.37395,-0.00096,-0.01509,0.00000,0,0.0183
17.000,HOLD_HIGH,10.00,10.0000,10.0021,-0.0041,-0.0027,0.37393,-0.00097,-0.01510,0.00000,0,0.0199
17.020,HOLD_HIGH,10.00,10.0000,10.0021,-0.0041,-0.0028,0.37398,-0.00092,-0.01510,0.00000,0,0.0199
17.044,HOLD_HIGH,10.00,10.0000,10.0021,-0.0042,-0.0028,0.37397,-0.00093,-0.01511,0.00000,0,0.0233
17.060,HOLD_HIGH,10.00,10.0000,10.0021,-0.0042,-0.0029,0.37397,-0.00092,-0.01511,0.00000,0,0.0163
17.082,HOLD_HIGH,10.00,10.0000,10.0021,-0.0042,-0.0029,0.37402,-0.00087,-0.01511,0.00000,0,0.0218
17.101,HOLD_HIGH,10.00,10.0000,10.0021,-0.0042,-0.0030,0.37405,-0.00083,-0.01512,0.00000,0,0.0194
17.121,HOLD_HIGH,10.00,10.0000,10.0021,-0.0041,-0.0030,0.37411,-0.00077,-0.01512,0.00000,0,0.0199
17.140,HOLD_HIGH,10.00,10.0000,10.0021,-0.0042,-0.0031,0.37407,-0.00080,-0.01512,0.00000,0,0.0189
17.162,HOLD_HIGH,10.00,10.0000,10.0021,-0.0043,-0.0031,0.37401,-0.00086,-0.01513,0.00000,0,0.0218
17.180,HOLD_HIGH,10.00,10.0000,10.0021,-0.0043,-0.0031,0.37403,-0.00084,-0.01513,0.00000,0,0.0186
17.202,HOLD_HIGH,10.00,10.0000,10.0022,-0.0043,-0.0030,0.37398,-0.00088,-0.01514,0.00000,0,0.0219
17.222,HOLD_HIGH,10.00,10.0000,10.0021,-0.0043,-0.0030,0.37399,-0.00087,-0.01514,0.00000,0,0.0199
17.240,HOLD_HIGH,10.00,10.0000,10.0022,-0.0043,-0.0031,0.37399,-0.00087,-0.01514,0.00000,0,0.0182
17.265,HOLD_HIGH,10.00,10.0000,10.0022,-0.0043,-0.0031,0.37402,-0.00083,-0.01515,0.00000,0,0.0245
17.280,HOLD_HIGH,10.00,10.0000,10.0021,-0.0043,-0.0032,0.37410,-0.00075,-0.01515,0.00000,0,0.0152
17.305,HOLD_HIGH,10.00,10.0000,10.0021,-0.0042,-0.0032,0.37418,-0.00067,-0.01515,0.00000,0,0.0249
17.324,HOLD_HIGH,10.00,10.0000,10.0021,-0.0042,-0.0032,0.37418,-0.00067,-0.01516,0.00000,0,0.0188
17.340,HOLD_HIGH,10.00,10.0000,10.0021,-0.0043,-0.0032,0.37406,-0.00078,-0.01516,0.00000,0,0.0164
17.362,HOLD_HIGH,10.00,10.0000,10.0022,-0.0043,-0.0031,0.37395,-0.00089,-0.01516,0.00000,0,0.0215
17.385,HOLD_HIGH,10.00,10.0000,10.0021,-0.0043,-0.0030,0.37395,-0.00088,-0.01517,0.00000,0,0.0230
17.400,HOLD_HIGH,10.00,10.0000,10.0022,-0.0043,-0.0031,0.37397,-0.00086,-0.01517,0.00000,0,0.0154
17.420,HOLD_HIGH,10.00,10.0000,10.0022,-0.0044,-0.0032,0.37404,-0.00079,-0.01517,0.00000,0,0.0200
17.445,HOLD_HIGH,10.00,10.0000,10.0022,-0.0043,-0.0034,0.37418,-0.00064,-0.01518,0.00000,0,0.0250
17.462,HOLD_HIGH,10.00,10.0000,10.0022,-0.0043,-0.0035,0.37427,-0.00055,-0.01518,0.00000,0,0.0165
17.480,HOLD_HIGH,10.00,10.0000,10.0021,-0.0042,-0.0036,0.37439,-0.00043,-0.01518,0.00000,0,0.0186
17.504,HOLD_HIGH,10.00,10.0000,10.0021,-0.0042,-0.0035,0.37433,-0.00049,-0.01518,0.00000,0,0.0236
17.520,HOLD_HIGH,10.00,10.0000,10.0021,-0.0042,-0.0033,0.37418,-0.00063,-0.01519,0.00000,0,0.0167
17.543,HOLD_HIGH,10.00,10.0000,10.0021,-0.0042,-0.0032,0.37407,-0.00074,-0.01519,0.00000,0,0.0222
17.560,HOLD_HIGH,10.00,10.0000,10.0021,-0.0043,-0.0030,0.37395,-0.00086,-0.01519,0.00000,0,0.0174
17.580,HOLD_HIGH,10.00,10.0000,10.0021,-0.0042,-0.0030,0.37397,-0.00083,-0.01520,0.00000,0,0.0201
17.605,HOLD_HIGH,10.00,10.0000,10.0022,-0.0043,-0.0031,0.37393,-0.00087,-0.01520,0.00000,0,0.0248
17.620,HOLD_HIGH,10.00,10.0000,10.0022,-0.0043,-0.0031,0.37393,-0.00087,-0.01520,0.00000,0,0.0151
17.640,HOLD_HIGH,10.00,10.0000,10.0021,-0.0043,-0.0031,0.37399,-0.00080,-0.01521,0.00000,0,0.0202
17.660,HOLD_HIGH,10.00,10.0000,10.0021,-0.0043,-0.0032,0.37406,-0.00073,-0.01521,0.00000,0,0.0199
17.680,HOLD_HIGH,10.00,10.0000,10.0021,-0.0042,-0.0033,0.37413,-0.00066,-0.01521,0.00000,0,0.0199
17.700,HOLD_HIGH,10.00,10.0000,10.0021,-0.0042,-0.0033,0.37413,-0.00065,-0.01522,0.00000,0,0.0200
17.720,HOLD_HIGH,10.00,10.0000,10.0021,-0.0042,-0.0032,0.37409,-0.00069,-0.01522,0.00000,0,0.0200
17.745,HOLD_HIGH,10.00,10.0000,10.0021,-0.0042,-0.0032,0.37409,-0.00069,-0.01522,0.00000,0,0.0250
17.764,HOLD_HIGH,10.00,10.0000,10.0021,-0.0042,-0.0031,0.37400,-0.00078,-0.01522,0.00000,0,0.0188
17.780,HOLD_HIGH,10.00,10.0000,10.0021,-0.0042,-0.0031,0.37402,-0.00075,-0.01523,0.00000,0,0.0163
17.802,HOLD_HIGH,10.00,10.0000,10.0021,-0.0042,-0.0031,0.37398,-0.00079,-0.01523,0.00000,0,0.0220
17.824,HOLD_HIGH,10.00,10.0000,10.0021,-0.0042,-0.0032,0.37407,-0.00070,-0.01523,0.00000,0,0.0224
17.840,HOLD_HIGH,10.00,10.0000,10.0021,-0.0042,-0.0032,0.37406,-0.00070,-0.01524,0.00000,0,0.0155
17.860,HOLD_HIGH,10.00,10.0000,10.0021,-0.0042,-0.0032,0.37407,-0.00069,-0.01524,0.00000,0,0.0201
17.880,HOLD_HIGH,10.00,10.0000,10.0021,-0.0042,-0.0033,0.37413,-0.00063,-0.01524,0.00000,0,0.0199
17.900,HOLD_HIGH,10.00,10.0000,10.0021,-0.0042,-0.0032,0.37410,-0.00065,-0.01525,0.00000,0,0.0202
17.922,HOLD_HIGH,10.00,10.0000,10.0021,-0.0042,-0.0032,0.37405,-0.00070,-0.01525,0.00000,0,0.0219
17.940,HOLD_HIGH,10.00,10.0000,10.0021,-0.0042,-0.0032,0.37405,-0.00069,-0.01525,0.00000,0,0.0179
17.964,HOLD_HIGH,10.00,10.0000,10.0021,-0.0042,-0.0031,0.37400,-0.00075,-0.01526,0.00000,0,0.0239
17.983,HOLD_HIGH,10.00,10.0000,10.0021,-0.0042,-0.0031,0.37397,-0.00077,-0.01526,0.00000,0,0.0195
18.000,HOLD_HIGH,10.00,10.0000,10.0021,-0.0042,-0.0031,0.37397,-0.00077,-0.01526,0.00000,0,0.0167
18.020,HOLD_HIGH,10.00,10.0000,10.0021,-0.0042,-0.0031,0.37395,-0.00078,-0.01526,0.00000,0,0.0201
18.040,HOLD_HIGH,10.00,10.0000,10.0021,-0.0042,-0.0032,0.37405,-0.00068,-0.01527,0.00000,0,0.0200
18.060,HOLD_HIGH,10.00,10.0000,10.0021,-0.0042,-0.0033,0.37411,-0.00062,-0.01527,0.00000,0,0.0201
18.080,HOLD_HIGH,10.00,10.0000,10.0021,-0.0041,-0.0034,0.37420,-0.00053,-0.01527,0.00000,0,0.0197
18.101,HOLD_HIGH,10.00,10.0000,10.0021,-0.0041,-0.0034,0.37421,-0.00051,-0.01527,0.00000,0,0.0211
18.120,HOLD_HIGH,10.00,10.0000,10.0021,-0.0041,-0.0033,0.37414,-0.00058,-0.01528,0.00000,0,0.0189
18.140,HOLD_HIGH,10.00,10.0000,10.0020,-0.0041,-0.0032,0.37409,-0.00063,-0.01528,0.00000,0,0.0201
18.160,HOLD_HIGH,10.00,10.0000,10.0021,-0.0042,-0.0032,0.37402,-0.00070,-0.01528,0.00000,0,0.0201
18.180,HOLD_HIGH,10.00,10.0000,10.0021,-0.0041,-0.0032,0.37404,-0.00068,-0.01529,0.00000,0,0.0201
18.205,HOLD_HIGH,10.00,10.0000,10.0021,-0.0042,-0.0032,0.37402,-0.00069,-0.01529,0.00000,0,0.0246
18.222,HOLD_HIGH,10.00,10.0000,10.0021,-0.0042,-0.0032,0.37400,-0.00071,-0.01529,0.00000,0,0.0168
18.242,HOLD_HIGH,10.00,10.0000,10.0021,-0.0041,-0.0032,0.37405,-0.00065,-0.01529,0.00000,0,0.0202
18.260,HOLD_HIGH,10.00,10.0000,10.0021,-0.0041,-0.0032,0.37407,-0.00063,-0.01530,0.00000,0,0.0183
18.280,HOLD_HIGH,10.00,10.0000,10.0020,-0.0041,-0.0032,0.37411,-0.00059,-0.01530,0.00000,0,0.0201
18.304,HOLD_HIGH,10.00,10.0000,10.0020,-0.0041,-0.0032,0.37412,-0.00058,-0.01530,0.00000,0,0.0237
18.324,HOLD_HIGH,10.00,10.0000,10.0020,-0.0040,-0.0031,0.37405,-0.00064,-0.01531,0.00000,0,0.0201
18.343,HOLD_HIGH,10.00,10.0000,10.0020,-0.0040,-0.0031,0.37405,-0.00064,-0.01531,0.00000,0,0.0189
18.361,HOLD_HIGH,10.00,10.0000,10.0020,-0.0041,-0.0031,0.37402,-0.00067,-0.01531,0.00000,0,0.0185
18.382,HOLD_HIGH,10.00,10.0000,10.0020,-0.0040,-0.0031,0.37406,-0.00063,-0.01531,0.00000,0,0.0207
18.400,HOLD_HIGH,10.00,10.0000,10.0020,-0.0041,-0.0032,0.37406,-0.00062,-0.01532,0.00000,0,0.0180
18.422,HOLD_HIGH,10.00,10.0000,10.0020,-0.0041,-0.0032,0.37406,-0.00062,-0.01532,0.00000,0,0.0216
18.440,HOLD_HIGH,10.00,10.0000,10.0020,-0.0040,-0.0032,0.37411,-0.00057,-0.01532,0.00000,0,0.0183
18.465,HOLD_HIGH,10.00,10.0000,10.0020,-0.0039,-0.0032,0.37413,-0.00055,-0.01532,0.00000,0,0.0250
18.480,HOLD_HIGH,10.00,10.0000,10.0020,-0.0039,-0.0032,0.37413,-0.00055,-0.01533,0.00000,0,0.0150
18.505,HOLD_HIGH,10.00,10.0000,10.0020,-0.0040,-0.0031,0.37409,-0.00058,-0.01533,0.00000,0,0.0247
18.522,HOLD_HIGH,10.00,10.0000,10.0020,-0.0040,-0.0031,0.37409,-0.00058,-0.01533,0.00000,0,0.0172
18.540,HOLD_HIGH,10.00,10.0000,10.0020,-0.0039,-0.0031,0.37409,-0.00058,-0.01533,0.00000,0,0.0183
18.563,HOLD_HIGH,10.00,10.0000,10.0020,-0.0040,-0.0031,0.37403,-0.00063,-0.01534,0.00000,0,0.0226
18.583,HOLD_HIGH,10.00,10.0000,10.0020,-0.0040,-0.0031,0.37403,-0.00063,-0.01534,0.00000,0,0.0201
18.604,HOLD_HIGH,10.00,10.0000,10.0020,-0.0040,-0.0030,0.37399,-0.00067,-0.01534,0.00000,0,0.0213
18.623,HOLD_HIGH,10.00,10.0000,10.0020,-0.0039,-0.0030,0.37401,-0.00064,-0.01534,0.00000,0,0.0185
18.644,HOLD_HIGH,10.00,10.0000,10.0020,-0.0039,-0.0030,0.37401,-0.00064,-0.01535,0.00000,0,0.0216
18.664,HOLD_HIGH,10.00,10.0000,10.0019,-0.0039,-0.0031,0.37412,-0.00053,-0.01535,0.00000,0,0.0195
18.682,HOLD_HIGH,10.00,10.0000,10.0019,-0.0039,-0.0031,0.37412,-0.00053,-0.01535,0.00000,0,0.0181
18.701,HOLD_HIGH,10.00,10.0000,10.0019,-0.0039,-0.0031,0.37412,-0.00052,-0.01535,0.00000,0,0.0188
18.720,HOLD_HIGH,10.00,10.0000,10.0019,-0.0039,-0.0031,0.37410,-0.00054,-0.01536,0.00000,0,0.0194
18.742,HOLD_HIGH,10.00,10.0000,10.0019,-0.0039,-0.0031,0.37411,-0.00054,-0.01536,0.00000,0,0.0219
18.763,HOLD_HIGH,10.00,10.0000,10.0020,-0.0039,-0.0031,0.37406,-0.00057,-0.01536,0.00000,0,0.0214
18.780,HOLD_HIGH,10.00,10.0000,10.0020,-0.0040,-0.0030,0.37399,-0.00064,-0.01536,0.00000,0,0.0167
18.804,HOLD_HIGH,10.00,10.0000,10.0020,-0.0039,-0.0030,0.37400,-0.00063,-0.01537,0.00000,0,0.0240
18.824,HOLD_HIGH,10.00,10.0000,10.0019,-0.0039,-0.0031,0.37406,-0.00057,-0.01537,0.00000,0,0.0199
18.841,HOLD_HIGH,10.00,10.0000,10.0019,-0.0039,-0.0031,0.37406,-0.00057,-0.01537,0.00000,0,0.0167
18.863,HOLD_HIGH,10.00,10.0000,10.0019,-0.0039,-0.0031,0.37408,-0.00054,-0.01537,0.00000,0,0.0226
18.883,HOLD_HIGH,10.00,10.0000,10.0019,-0.0039,-0.0031,0.37407,-0.00055,-0.01538,0.00000,0,0.0198
18.900,HOLD_HIGH,10.00,10.0000,10.0019,-0.0038,-0.0031,0.37415,-0.00047,-0.01538,0.00000,0,0.0170
18.920,HOLD_HIGH,10.00,10.0000,10.0019,-0.0038,-0.0031,0.37413,-0.00049,-0.01538,0.00000,0,0.0200
18.943,HOLD_HIGH,10.00,10.0000,10.0019,-0.0038,-0.0031,0.37411,-0.00051,-0.01538,0.00000,0,0.0224
18.960,HOLD_HIGH,10.00,10.0000,10.0019,-0.0038,-0.0030,0.37406,-0.00056,-0.01538,0.00000,0,0.0178
18.984,HOLD_HIGH,10.00,10.0000,10.0019,-0.0039,-0.0029,0.37396,-0.00065,-0.01539,0.00000,0,0.0235
19.001,HOLD_HIGH,10.00,10.0000,10.0019,-0.0038,-0.0029,0.37395,-0.00066,-0.01539,0.00000,0,0.0173
19.020,HOLD_HIGH,10.00,10.0000,10.0019,-0.0038,-0.0029,0.37395,-0.00066,-0.01539,0.00000,0,0.0189
19.042,HOLD_HIGH,10.00,10.0000,10.0019,-0.0038,-0.0030,0.37405,-0.00056,-0.01540,0.00000,0,0.0221
19.064,HOLD_HIGH,10.00,10.0000,10.0019,-0.0038,-0.0030,0.37408,-0.00052,-0.01540,0.00000,0,0.0224
19.080,HOLD_HIGH,10.00,10.0000,10.0019,-0.0038,-0.0030,0.37406,-0.00054,-0.01540,0.00000,0,0.0155
19.100,HOLD_HIGH,10.00,10.0000,10.0019,-0.0037,-0.0030,0.37412,-0.00048,-0.01540,0.00000,0,0.0200
19.121,HOLD_HIGH,10.00,10.0000,10.0019,-0.0038,-0.0030,0.37409,-0.00050,-0.01540,0.00000,0,0.0205
19.141,HOLD_HIGH,10.00,10.0000,10.0019,-0.0037,-0.0030,0.37409,-0.00050,-0.01541,0.00000,0,0.0203
19.162,HOLD_HIGH,10.00,10.0000,10.0019,-0.0038,-0.0030,0.37400,-0.00059,-0.01541,0.00000,0,0.0217
19.181,HOLD_HIGH,10.00,10.0000,10.0019,-0.0039,-0.0030,0.37394,-0.00065,-0.01541,0.00000,0,0.0182
19.201,HOLD_HIGH,10.00,10.0000,10.0019,-0.0038,-0.0030,0.37398,-0.00060,-0.01541,0.00000,0,0.0200
19.220,HOLD_HIGH,10.00,10.0000,10.0020,-0.0039,-0.0030,0.37395,-0.00064,-0.01542,0.00000,0,0.0195
19.241,HOLD_HIGH,10.00,10.0000,10.0019,-0.0039,-0.0031,0.37404,-0.00054,-0.01542,0.00000,0,0.0209
19.265,HOLD_HIGH,10.00,10.0000,10.0020,-0.0040,-0.0032,0.37401,-0.00057,-0.01542,0.00000,0,0.0238
19.280,HOLD_HIGH,10.00,10.0000,10.0020,-0.0040,-0.0031,0.37395,-0.00062,-0.01542,0.00000,0,0.0153
19.301,HOLD_HIGH,10.00,10.0000,10.0020,-0.0040,-0.0032,0.37401,-0.00057,-0.01543,0.00000,0,0.0209
19.322,HOLD_HIGH,10.00,10.0000,10.0020,-0.0041,-0.0033,0.37401,-0.00056,-0.01543,0.00000,0,0.0208
19.340,HOLD_HIGH,10.00,10.0000,10.0020,-0.0041,-0.0034,0.37409,-0.00048,-0.01543,0.00000,0,0.0185
19.364,HOLD_HIGH,10.00,10.0000,10.0021,-0.0042,-0.0035,0.37408,-0.00049,-0.01543,0.00000,0,0.0234
19.384,HOLD_HIGH,10.00,10.0000,10.0021,-0.0042,-0.0037,0.37419,-0.00037,-0.01544,0.00000,0,0.0205
19.401,HOLD_HIGH,10.00,10.0000,10.0021,-0.0042,-0.0037,0.37419,-0.00037,-0.01544,0.00000,0,0.0170
19.424,HOLD_HIGH,10.00,10.0000,10.0021,-0.0043,-0.0037,0.37413,-0.00043,-0.01544,0.00000,0,0.0223
19.444,HOLD_HIGH,10.00,10.0000,10.0022,-0.0043,-0.0036,0.37401,-0.00055,-0.01544,0.00000,0,0.0206
19.460,HOLD_HIGH,10.00,10.0000,10.0022,-0.0043,-0.0036,0.37401,-0.00055,-0.01544,0.00000,0,0.0159
19.482,HOLD_HIGH,10.00,10.0000,10.0022,-0.0044,-0.0036,0.37396,-0.00060,-0.01545,0.00000,0,0.0223
19.504,HOLD_HIGH,10.00,10.0000,10.0022,-0.0044,-0.0036,0.37403,-0.00052,-0.01545,0.00000,0,0.0212
19.524,HOLD_HIGH,10.00,10.0000,10.0022,-0.0045,-0.0037,0.37399,-0.00056,-0.01545,0.00000,0,0.0206
19.542,HOLD_HIGH,10.00,10.0000,10.0022,-0.0045,-0.0037,0.37402,-0.00053,-0.01545,0.00000,0,0.0176
19.561,HOLD_HIGH,10.00,10.0000,10.0023,-0.0046,-0.0037,0.37392,-0.00063,-0.01546,0.00000,0,0.0196
19.583,HOLD_HIGH,10.00,10.0000,10.0023,-0.0047,-0.0037,0.37383,-0.00072,-0.01546,0.00000,0,0.0213
19.600,HOLD_HIGH,10.00,10.0000,10.0023,-0.0047,-0.0037,0.37386,-0.00068,-0.01546,0.00000,0,0.0174
19.620,HOLD_HIGH,10.00,10.0000,10.0024,-0.0048,-0.0038,0.37388,-0.00065,-0.01546,0.00000,0,0.0200
19.643,HOLD_HIGH,10.00,10.0000,10.0024,-0.0047,-0.0039,0.37397,-0.00057,-0.01547,0.00000,0,0.0231
19.660,HOLD_HIGH,10.00,10.0000,10.0024,-0.0048,-0.0041,0.37400,-0.00053,-0.01547,0.00000,0,0.0169
19.680,HOLD_HIGH,10.00,10.0000,10.0024,-0.0049,-0.0042,0.37405,-0.00048,-0.01547,0.00000,0,0.0200
19.702,HOLD_HIGH,10.00,10.0000,10.0024,-0.0048,-0.0043,0.37417,-0.00035,-0.01547,0.00000,0,0.0216
19.725,HOLD_HIGH,10.00,10.0000,10.0024,-0.0049,-0.0045,0.37425,-0.00028,-0.01547,0.00000,0,0.0230
19.740,HOLD_HIGH,10.00,10.0000,10.0024,-0.0049,-0.0045,0.37425,-0.00028,-0.01547,0.00000,0,0.0154
19.761,HOLD_HIGH,10.00,10.0000,10.0025,-0.0050,-0.0044,0.37413,-0.00039,-0.01548,0.00000,0,0.0207
19.780,HOLD_HIGH,10.00,10.0000,10.0025,-0.0050,-0.0043,0.37398,-0.00054,-0.01548,0.00000,0,0.0193
19.803,HOLD_HIGH,10.00,10.0000,10.0025,-0.0050,-0.0042,0.37399,-0.00053,-0.01548,0.00000,0,0.0230
19.820,HOLD_HIGH,10.00,10.0000,10.0025,-0.0051,-0.0042,0.37392,-0.00060,-0.01548,0.00000,0,0.0172
19.840,HOLD_HIGH,10.00,10.0000,10.0025,-0.0050,-0.0043,0.37400,-0.00051,-0.01549,0.00000,0,0.0201
19.863,HOLD_HIGH,10.00,10.0000,10.0025,-0.0051,-0.0044,0.37404,-0.00048,-0.01549,0.00000,0,0.0230
19.881,HOLD_HIGH,10.00,10.0000,10.0026,-0.0051,-0.0045,0.37408,-0.00043,-0.01549,0.00000,0,0.0180
19.901,HOLD_HIGH,10.00,10.0000,10.0025,-0.0050,-0.0046,0.37422,-0.00029,-0.01549,0.00000,0,0.0195
19.925,HOLD_HIGH,10.00,10.0000,10.0025,-0.0051,-0.0047,0.37427,-0.00024,-0.01549,0.00000,0,0.0239
19.940,HOLD_HIGH,10.00,10.0000,10.0025,-0.0051,-0.0047,0.37427,-0.00024,-0.01549,0.00000,0,0.0152
19.961,HOLD_HIGH,10.00,10.0000,10.0026,-0.0052,-0.0046,0.37412,-0.00038,-0.01549,0.00000,0,0.0207
19.982,HOLD_HIGH,10.00,10.0000,10.0026,-0.0052,-0.0045,0.37399,-0.00051,-0.01550,0.00000,0,0.0211
20.000,HOLD_HIGH,10.00,10.0000,10.0026,-0.0052,-0.0044,0.37398,-0.00052,-0.01550,0.00000,0,0.0186
20.021,HOLD_HIGH,10.00,10.0000,10.0026,-0.0052,-0.0045,0.37398,-0.00052,-0.01550,0.00000,0,0.0202
20.040,HOLD_HIGH,10.00,10.0000,10.0026,-0.0052,-0.0045,0.37405,-0.00045,-0.01550,0.00000,0,0.0194
20.060,HOLD_HIGH,10.00,10.0000,10.0026,-0.0052,-0.0046,0.37406,-0.00043,-0.01550,0.00000,0,0.0200
20.082,HOLD_HIGH,10.00,10.0000,10.0026,-0.0053,-0.0046,0.37404,-0.00045,-0.01551,0.00000,0,0.0222
20.102,HOLD_HIGH,10.00,10.0000,10.0026,-0.0052,-0.0046,0.37408,-0.00041,-0.01551,0.00000,0,0.0194
20.123,HOLD_HIGH,10.00,10.0000,10.0026,-0.0053,-0.0045,0.37398,-0.00051,-0.01551,0.00000,0,0.0217
20.141,HOLD_HIGH,10.00,10.0000,10.0026,-0.0052,-0.0045,0.37400,-0.00049,-0.01551,0.00000,0,0.0173
20.161,HOLD_HIGH,10.00,10.0000,10.0027,-0.0053,-0.0045,0.37389,-0.00060,-0.01552,0.00000,0,0.0205
20.182,HOLD_HIGH,10.00,10.0000,10.0027,-0.0054,-0.0046,0.37388,-0.00060,-0.01552,0.00000,0,0.0211
20.200,HOLD_HIGH,10.00,10.0000,10.0027,-0.0054,-0.0047,0.37399,-0.00048,-0.01552,0.00000,0,0.0183
20.220,HOLD_HIGH,10.00,10.0000,10.0027,-0.0054,-0.0048,0.37402,-0.00046,-0.01552,0.00000,0,0.0196
20.245,HOLD_HIGH,10.00,10.0000,10.0027,-0.0054,-0.0048,0.37404,-0.00044,-0.01552,0.00000,0,0.0250
20.263,HOLD_HIGH,10.00,10.0000,10.0027,-0.0054,-0.0048,0.37404,-0.00044,-0.01553,0.00000,0,0.0180
20.280,HOLD_HIGH,10.00,10.0000,10.0027,-0.0054,-0.0048,0.37401,-0.00047,-0.01553,0.00000,0,0.0170
20.301,HOLD_HIGH,10.00,10.0000,10.0027,-0.0054,-0.0048,0.37409,-0.00038,-0.01553,0.00000,0,0.0214
20.320,HOLD_HIGH,10.00,10.0000,10.0027,-0.0054,-0.0048,0.37404,-0.00043,-0.01553,0.00000,0,0.0186
20.341,HOLD_HIGH,10.00,10.0000,10.0027,-0.0054,-0.0048,0.37409,-0.00038,-0.01553,0.00000,0,0.0205
20.361,HOLD_HIGH,10.00,10.0000,10.0027,-0.0055,-0.0048,0.37402,-0.00044,-0.01553,0.00000,0,0.0203
20.383,HOLD_HIGH,10.00,10.0000,10.0028,-0.0055,-0.0048,0.37395,-0.00051,-0.01554,0.00000,0,0.0225
20.400,HOLD_HIGH,10.00,10.0000,10.0027,-0.0055,-0.0048,0.37400,-0.00046,-0.01554,0.00000,0,0.0172
20.420,HOLD_HIGH,10.00,10.0000,10.0028,-0.0055,-0.0049,0.37400,-0.00046,-0.01554,0.00000,0,0.0198
20.441,HOLD_HIGH,10.00,10.0000,10.0027,-0.0055,-0.0049,0.37407,-0.00039,-0.01554,0.00000,0,0.0203
20.460,HOLD_HIGH,10.00,10.0000,10.0028,-0.0055,-0.0049,0.37402,-0.00044,-0.01554,0.00000,0,0.0195
20.481,HOLD_HIGH,10.00,10.0000,10.0028,-0.0055,-0.0049,0.37398,-0.00048,-0.01555,0.00000,0,0.0205
20.500,HOLD_HIGH,10.00,10.0000,10.0027,-0.0055,-0.0048,0.37400,-0.00045,-0.01555,0.00000,0,0.0195
20.522,HOLD_HIGH,10.00,10.0000,10.0028,-0.0055,-0.0049,0.37399,-0.00046,-0.01555,0.00000,0,0.0216
20.540,HOLD_HIGH,10.00,10.0000,10.0027,-0.0055,-0.0049,0.37406,-0.00039,-0.01555,0.00000,0,0.0184
20.560,HOLD_HIGH,10.00,10.0000,10.0028,-0.0056,-0.0050,0.37402,-0.00043,-0.01555,0.00000,0,0.0199
20.581,HOLD_HIGH,10.00,10.0000,10.0028,-0.0056,-0.0049,0.37395,-0.00049,-0.01556,0.00000,0,0.0212
20.600,HOLD_HIGH,10.00,10.0000,10.0028,-0.0056,-0.0049,0.37401,-0.00043,-0.01556,0.00000,0,0.0191
20.620,HOLD_HIGH,10.00,10.0000,10.0028,-0.0056,-0.0050,0.37399,-0.00045,-0.01556,0.00000,0,0.0201
20.641,HOLD_HIGH,10.00,10.0000,10.0028,-0.0056,-0.0050,0.37403,-0.00041,-0.01556,0.00000,0,0.0206
20.660,HOLD_HIGH,10.00,10.0000,10.0028,-0.0056,-0.0049,0.37395,-0.00049,-0.01556,0.00000,0,0.0191
20.685,HOLD_HIGH,10.00,10.0000,10.0028,-0.0056,-0.0049,0.37395,-0.00048,-0.01557,0.00000,0,0.0250
20.704,HOLD_HIGH,10.00,10.0000,10.0028,-0.0055,-0.0049,0.37400,-0.00043,-0.01557,0.00000,0,0.0188
20.722,HOLD_HIGH,10.00,10.0000,10.0028,-0.0056,-0.0050,0.37399,-0.00044,-0.01557,0.00000,0,0.0182
20.740,HOLD_HIGH,10.00,10.0000,10.0028,-0.0057,-0.0050,0.37393,-0.00050,-0.01557,0.00000,0,0.0183
20.760,HOLD_HIGH,10.00,10.0000,10.0028,-0.0056,-0.0050,0.37403,-0.00040,-0.01557,0.00000,0,0.0202
20.781,HOLD_HIGH,10.00,10.0000,10.0028,-0.0057,-0.0051,0.37401,-0.00041,-0.01558,0.00000,0,0.0208
20.801,HOLD_HIGH,10.00,10.0000,10.0028,-0.0056,-0.0051,0.37408,-0.00034,-0.01558,0.00000,0,0.0193
20.820,HOLD_HIGH,10.00,10.0000,10.0028,-0.0056,-0.0051,0.37404,-0.00039,-0.01558,0.00000,0,0.0195
20.842,HOLD_HIGH,10.00,10.0000,10.0028,-0.0056,-0.0050,0.37404,-0.00038,-0.01558,0.00000,0,0.0223
20.864,HOLD_HIGH,10.00,10.0000,10.0028,-0.0056,-0.0050,0.37404,-0.00038,-0.01558,0.00000,0,0.0220
20.880,HOLD_HIGH,10.00,10.0000,10.0028,-0.0056,-0.0050,0.37402,-0.00040,-0.01558,0.00000,0,0.0156
20.901,HOLD_HIGH,10.00,10.0000,10.0028,-0.0056,-0.0050,0.37401,-0.00041,-0.01559,0.00000,0,0.0210
20.920,HOLD_HIGH,10.00,10.0000,10.0027,-0.0055,-0.0051,0.37412,-0.00029,-0.01559,0.00000,0,0.0190
20.941,HOLD_HIGH,10.00,10.0000,10.0028,-0.0055,-0.0050,0.37407,-0.00034,-0.01559,0.00000,0,0.0206
20.960,HOLD_HIGH,10.00,10.0000,10.0027,-0.0054,-0.0050,0.37411,-0.00030,-0.01559,0.00000,0,0.0194
20.980,HOLD_HIGH,10.00,10.0000,10.0027,-0.0054,-0.0050,0.37408,-0.00033,-0.01559,0.00000,0,0.0202
21.001,HOLD_HIGH,10.00,10.0000,10.0027,-0.0054,-0.0049,0.37403,-0.00038,-0.01559,0.00000,0,0.0203
21.021,HOLD_HIGH,10.00,10.0000,10.0027,-0.0053,-0.0048,0.37407,-0.00034,-0.01559,0.00000,0,0.0209
21.040,HOLD_HIGH,10.00,10.0000,10.0026,-0.0053,-0.0048,0.37405,-0.00035,-0.01559,0.00000,0,0.0186
21.065,HOLD_HIGH,10.00,10.0000,10.0026,-0.0051,-0.0047,0.37409,-0.00031,-0.01560,0.00000,0,0.0250
21.084,HOLD_HIGH,10.00,10.0000,10.0025,-0.0051,-0.0047,0.37412,-0.00028,-0.01560,0.00000,0,0.0187
21.100,HOLD_HIGH,10.00,10.0000,10.0025,-0.0051,-0.0047,0.37412,-0.00028,-0.01560,0.00000,0,0.0163
21.120,HOLD_HIGH,10.00,10.0000,10.0025,-0.0050,-0.0046,0.37417,-0.00023,-0.01560,0.00000,0,0.0200
21.140,HOLD_HIGH,10.00,10.0000,10.0025,-0.0050,-0.0046,0.37416,-0.00024,-0.01560,0.00000,0,0.0200
21.161,HOLD_HIGH,10.00,10.0000,10.0024,-0.0049,-0.0045,0.37416,-0.00024,-0.01560,0.00000,0,0.0212
21.180,HOLD_HIGH,10.00,10.0000,10.0024,-0.0048,-0.0044,0.37411,-0.00029,-0.01560,0.00000,0,0.0189
21.200,HOLD_HIGH,10.00,10.0000,10.0024,-0.0048,-0.0043,0.37405,-0.00034,-0.01560,0.00000,0,0.0202
21.221,HOLD_HIGH,10.00,10.0000,10.0024,-0.0047,-0.0043,0.37411,-0.00028,-0.01561,0.00000,0,0.0208
21.240,HOLD_HIGH,10.00,10.0000,10.0023,-0.0047,-0.0043,0.37410,-0.00029,-0.01561,0.00000,0,0.0189
21.262,HOLD_HIGH,10.00,10.0000,10.0023,-0.0046,-0.0042,0.37416,-0.00023,-0.01561,0.00000,0,0.0223
21.280,HOLD_HIGH,10.00,10.0000,10.0023,-0.0045,-0.0042,0.37416,-0.00023,-0.01561,0.00000,0,0.0179
21.301,HOLD_HIGH,10.00,10.0000,10.0022,-0.0045,-0.0041,0.37414,-0.00025,-0.01561,0.00000,0,0.0207
21.321,HOLD_HIGH,10.00,10.0000,10.0022,-0.0043,-0.0041,0.37420,-0.00019,-0.01561,0.00000,0,0.0203
21.343,HOLD_HIGH,10.00,10.0000,10.0022,-0.0043,-0.0040,0.37416,-0.00023,-0.01561,0.00000,0,0.0222
21.362,HOLD_HIGH,10.00,10.0000,10.0021,-0.0042,-0.0040,0.37418,-0.00021,-0.01561,0.00000,0,0.0184
21.385,HOLD_HIGH,10.00,10.0000,10.0021,-0.0042,-0.0039,0.37414,-0.00024,-0.01561,0.00000,0,0.0228
21.400,HOLD_HIGH,10.00,10.0000,10.0021,-0.0042,-0.0038,0.37410,-0.00028,-0.01561,0.00000,0,0.0159
21.420,HOLD_HIGH,10.00,10.0000,10.0020,-0.0041,-0.0037,0.37412,-0.00026,-0.01562,0.00000,0,0.0196
21.440,HOLD_HIGH,10.00,10.0000,10.0020,-0.0041,-0.0037,0.37410,-0.00028,-0.01562,0.00000,0,0.0199
21.463,HOLD_HIGH,10.00,10.0000,10.0020,-0.0040,-0.0036,0.37416,-0.00022,-0.01562,0.00000,0,0.0234
21.481,HOLD_HIGH,10.00,10.0000,10.0020,-0.0039,-0.0036,0.37418,-0.00020,-0.01562,0.00000,0,0.0174
21.500,HOLD_HIGH,10.00,10.0000,10.0019,-0.0039,-0.0036,0.37417,-0.00021,-0.01562,0.00000,0,0.0196
21.520,HOLD_HIGH,10.00,10.0000,10.0019,-0.0038,-0.0035,0.37418,-0.00020,-0.01562,0.00000,0,0.0197
21.545,HOLD_HIGH,10.00,10.0000,10.0019,-0.0038,-0.0033,0.37407,-0.00031,-0.01562,0.00000,0,0.0250
21.564,HOLD_HIGH,10.00,10.0000,10.0019,-0.0037,-0.0032,0.37405,-0.00032,-0.01562,0.00000,0,0.0188
21.581,HOLD_HIGH,10.00,10.0000,10.0019,-0.0037,-0.0032,0.37405,-0.00032,-0.01562,0.00000,0,0.0168
21.600,HOLD_HIGH,10.00,10.0000,10.0018,-0.0037,-0.0032,0.37403,-0.00035,-0.01563,0.00000,0,0.0194
21.620,HOLD_HIGH,10.00,10.0000,10.0018,-0.0036,-0.0032,0.37409,-0.00028,-0.01563,0.00000,0,0.0204
21.644,HOLD_HIGH,10.00,10.0000,10.0018,-0.0036,-0.0032,0.37411,-0.00026,-0.01563,0.00000,0,0.0234
21.661,HOLD_HIGH,10.00,10.0000,10.0018,-0.0036,-0.0032,0.37409,-0.00028,-0.01563,0.00000,0,0.0171
21.685,HOLD_HIGH,10.00,10.0000,10.0017,-0.0035,-0.0031,0.37410,-0.00027,-0.01563,0.00000,0,0.0239
21.704,HOLD_HIGH,10.00,10.0000,10.0017,-0.0035,-0.0031,0.37409,-0.00027,-0.01563,0.00000,0,0.0190
21.721,HOLD_HIGH,10.00,10.0000,10.0017,-0.0034,-0.0030,0.37413,-0.00024,-0.01563,0.00000,0,0.0176
21.740,HOLD_HIGH,10.00,10.0000,10.0017,-0.0034,-0.0030,0.37408,-0.00028,-0.01563,0.00000,0,0.0188
21.760,HOLD_HIGH,10.00,10.0000,10.0017,-0.0034,-0.0029,0.37403,-0.00033,-0.01564,0.00000,0,0.0197
21.781,HOLD_HIGH,10.00,10.0000,10.0017,-0.0033,-0.0029,0.37406,-0.00031,-0.01564,0.00000,0,0.0205
21.805,HOLD_HIGH,10.00,10.0000,10.0016,-0.0033,-0.0029,0.37406,-0.00030,-0.01564,0.00000,0,0.0243
21.820,HOLD_HIGH,10.00,10.0000,10.0016,-0.0033,-0.0029,0.37406,-0.00030,-0.01564,0.00000,0,0.0152
21.842,DESCEND_TO_LOW,5.00,9.9997,10.0016,-0.0196,-0.0028,0.36255,-0.01175,-0.01570,0.00000,0,0.0224
21.860,DESCEND_TO_LOW,5.00,9.9992,10.0016,-0.0329,-0.0028,0.35315,-0.02107,-0.01578,0.00000,0,0.0176
21.880,DESCEND_TO_LOW,5.00,9.9983,10.0016,-0.0485,-0.0059,0.34428,-0.02982,-0.01590,0.00000,0,0.0200
21.900,DESCEND_TO_LOW,5.00,9.9972,10.0014,-0.0644,-0.0148,0.33922,-0.03473,-0.01605,0.00000,0,0.0200
21.920,DESCEND_TO_LOW,5.00,9.9958,10.0010,-0.0804,-0.0290,0.33779,-0.03601,-0.01621,0.00000,0,0.0200
21.941,DESCEND_TO_LOW,5.00,9.9940,10.0003,-0.0970,-0.0459,0.33788,-0.03576,-0.01637,0.00000,0,0.0207
21.965,DESCEND_TO_LOW,5.00,9.9916,9.9978,-0.1137,-0.0822,0.35146,-0.02206,-0.01648,0.00000,0,0.0241
21.982,DESCEND_TO_LOW,5.00,9.9897,9.9978,-0.1292,-0.0822,0.34045,-0.03295,-0.01660,0.00000,0,0.0168
22.005,DESCEND_TO_LOW,5.00,9.9867,9.9960,-0.1476,-0.0965,0.33749,-0.03573,-0.01677,0.00000,0,0.0229
22.020,DESCEND_TO_LOW,5.00,9.9846,9.9939,-0.1586,-0.1111,0.33984,-0.03327,-0.01688,0.00000,0,0.0154
22.041,DESCEND_TO_LOW,5.00,9.9814,9.9915,-0.1748,-0.1289,0.34085,-0.03212,-0.01703,0.00000,0,0.0207
22.060,DESCEND_TO_LOW,5.00,9.9781,9.9888,-0.1894,-0.1458,0.34237,-0.03047,-0.01715,0.00000,0,0.0194
22.080,DESCEND_TO_LOW,5.00,9.9745,9.9857,-0.2045,-0.1622,0.34312,-0.02961,-0.01728,0.00000,0,0.0200
22.104,DESCEND_TO_LOW,5.00,9.9698,9.9823,-0.2236,-0.1777,0.34048,-0.03208,-0.01744,0.00000,0,0.0236
22.124,DESCEND_TO_LOW,5.00,9.9655,9.9786,-0.2391,-0.1925,0.33979,-0.03262,-0.01758,0.00000,0,0.0204
22.141,DESCEND_TO_LOW,5.00,9.9617,9.9748,-0.2506,-0.2079,0.34246,-0.02985,-0.01769,0.00000,0,0.0166
22.160,DESCEND_TO_LOW,5.00,9.9571,9.9706,-0.2651,-0.2241,0.34351,-0.02868,-0.01781,0.00000,0,0.0195
22.180,DESCEND_TO_LOW,5.00,9.9520,9.9660,-0.2804,-0.2395,0.34346,-0.02860,-0.01793,0.00000,0,0.0203
22.200,DESCEND_TO_LOW,5.00,9.9468,9.9612,-0.2948,-0.2539,0.34330,-0.02864,-0.01805,0.00000,0,0.0196
22.223,DESCEND_TO_LOW,5.00,9.9404,9.9560,-0.3133,-0.2682,0.34026,-0.03153,-0.01821,0.00000,0,0.0228
22.244,DESCEND_TO_LOW,5.00,9.9340,9.9506,-0.3302,-0.2824,0.33820,-0.03344,-0.01836,0.00000,0,0.0215
22.260,DESCEND_TO_LOW,5.00,9.9291,9.9448,-0.3394,-0.2979,0.34245,-0.02908,-0.01846,0.00000,0,0.0157
22.280,DESCEND_TO_LOW,5.00,9.9226,9.9388,-0.3546,-0.3142,0.34311,-0.02830,-0.01858,0.00000,0,0.0204
22.300,DESCEND_TO_LOW,5.00,9.9159,9.9324,-0.3689,-0.3290,0.34337,-0.02793,-0.01870,0.00000,0,0.0197
22.325,DESCEND_TO_LOW,5.00,9.9071,9.9191,-0.3774,-0.3564,0.35648,-0.01474,-0.01878,0.00000,0,0.0248
22.344,DESCEND_TO_LOW,5.00,9.9003,9.9191,-0.4041,-0.3564,0.33769,-0.03339,-0.01891,0.00000,0,0.0186
22.360,DESCEND_TO_LOW,5.00,9.8941,9.9121,-0.4139,-0.3666,0.33787,-0.03310,-0.01903,0.00000,0,0.0164
22.380,DESCEND_TO_LOW,5.00,9.8862,9.9047,-0.4290,-0.3785,0.33548,-0.03534,-0.01918,0.00000,0,0.0201
22.403,DESCEND_TO_LOW,5.00,9.8768,9.8971,-0.4487,-0.3953,0.33327,-0.03736,-0.01937,0.00000,0,0.0230
22.421,DESCEND_TO_LOW,5.00,9.8693,9.8891,-0.4602,-0.4127,0.33728,-0.03323,-0.01949,0.00000,0,0.0179
22.440,DESCEND_TO_LOW,5.00,9.8610,9.8807,-0.4736,-0.4312,0.34065,-0.02973,-0.01962,0.00000,0,0.0192
22.461,DESCEND_TO_LOW,5.00,9.8517,9.8720,-0.4891,-0.4485,0.34181,-0.02845,-0.01974,0.00000,0,0.0206
22.481,DESCEND_TO_LOW,5.00,9.8426,9.8629,-0.5028,-0.4635,0.34267,-0.02747,-0.01986,0.00000,0,0.0196
22.503,DESCEND_TO_LOW,5.00,9.8318,9.8535,-0.5215,-0.4775,0.33918,-0.03081,-0.02001,0.00000,0,0.0226
22.521,DESCEND_TO_LOW,5.00,9.8231,9.8438,-0.5320,-0.4912,0.34134,-0.02854,-0.02012,0.00000,0,0.0178
22.545,DESCEND_TO_LOW,5.00,9.8110,9.8339,-0.5531,-0.5057,0.33655,-0.03317,-0.02029,0.00000,0,0.0238
22.560,DESCEND_TO_LOW,5.00,9.8031,9.8237,-0.5593,-0.5200,0.34213,-0.02750,-0.02038,0.00000,0,0.0153
22.580,DESCEND_TO_LOW,5.00,9.7925,9.8132,-0.5735,-0.5350,0.34254,-0.02696,-0.02049,0.00000,0,0.0200
22.605,DESCEND_TO_LOW,5.00,9.7787,9.7913,-0.5746,-0.5626,0.36107,-0.00840,-0.02054,0.00000,0,0.0250
22.620,DESCEND_TO_LOW,5.00,9.7703,9.7913,-0.6019,-0.5626,0.34185,-0.02752,-0.02062,0.00000,0,0.0150
22.643,DESCEND_TO_LOW,5.00,9.7572,9.7799,-0.6213,-0.5700,0.33331,-0.03589,-0.02080,0.00000,0,0.0227
22.662,DESCEND_TO_LOW,5.00,9.7460,9.7684,-0.6342,-0.5810,0.33178,-0.03727,-0.02095,0.00000,0,0.0191
22.685,DESCEND_TO_LOW,5.00,9.7323,9.7567,-0.6539,-0.5967,0.32879,-0.04006,-0.02115,0.00000,0,0.0226
22.700,DESCEND_TO_LOW,5.00,9.7227,9.7445,-0.6596,-0.6151,0.33763,-0.03112,-0.02125,0.00000,0,0.0155
22.725,DESCEND_TO_LOW,5.00,9.7071,9.7192,-0.6573,-0.6510,0.36429,-0.00444,-0.02127,0.00000,0,0.0246
22.740,DESCEND_TO_LOW,5.00,9.6972,9.7192,-0.6880,-0.6510,0.34273,-0.02591,-0.02136,0.00000,0,0.0154
22.765,DESCEND_TO_LOW,5.00,9.6808,9.6924,-0.6846,-0.6666,0.35601,-0.01257,-0.02143,0.00000,0,0.0248
22.780,DESCEND_TO_LOW,5.00,9.6705,9.6924,-0.7159,-0.6666,0.33399,-0.03447,-0.02154,0.00000,0,0.0153
22.800,DESCEND_TO_LOW,5.00,9.6568,9.6790,-0.7302,-0.6759,0.33024,-0.03806,-0.02170,0.00000,0,0.0199
22.822,DESCEND_TO_LOW,5.00,9.6414,9.6653,-0.7493,-0.6917,0.32776,-0.04035,-0.02189,0.00000,0,0.0221
22.840,DESCEND_TO_LOW,5.00,9.6285,9.6512,-0.7595,-0.7100,0.33333,-0.03464,-0.02203,0.00000,0,0.0180
22.860,DESCEND_TO_LOW,5.00,9.6139,9.6368,-0.7739,-0.7293,0.33664,-0.03120,-0.02216,0.00000,0,0.0200
22.883,DESCEND_TO_LOW,5.00,9.5969,9.6069,-0.7641,-0.7630,0.36707,-0.00077,-0.02216,0.00000,0,0.0229
22.900,DESCEND_TO_LOW,5.00,9.5840,9.6069,-0.8018,-0.7630,0.34058,-0.02716,-0.02226,0.00000,0,0.0170
22.920,DESCEND_TO_LOW,5.00,9.5684,9.5915,-0.8164,-0.7700,0.33515,-0.03245,-0.02240,0.00000,0,0.0203
22.940,DESCEND_TO_LOW,5.00,9.5530,9.5753,-0.8287,-0.7778,0.33183,-0.03561,-0.02255,0.00000,0,0.0197
22.960,DESCEND_TO_LOW,5.00,9.5367,9.5595,-0.8440,-0.7934,0.33192,-0.03538,-0.02271,0.00000,0,0.0204
22.980,DESCEND_TO_LOW,5.00,9.5207,9.5435,-0.8577,-0.8108,0.33438,-0.03277,-0.02285,0.00000,0,0.0197
23.000,DESCEND_TO_LOW,5.00,9.5042,9.5270,-0.8717,-0.8283,0.33664,-0.03038,-0.02298,0.00000,0,0.0200
23.020,DESCEND_TO_LOW,5.00,9.4875,9.5101,-0.8852,-0.8445,0.33837,-0.02854,-0.02310,0.00000,0,0.0199
23.041,DESCEND_TO_LOW,5.00,9.4698,9.4930,-0.9007,-0.8594,0.33787,-0.02890,-0.02323,0.00000,0,0.0206
23.061,DESCEND_TO_LOW,5.00,9.4524,9.4755,-0.9148,-0.8731,0.33747,-0.02918,-0.02335,0.00000,0,0.0201
23.080,DESCEND_TO_LOW,5.00,9.4354,9.4578,-0.9269,-0.8869,0.33853,-0.02801,-0.02347,0.00000,0,0.0192
23.100,DESCEND_TO_LOW,5.00,9.4175,9.4398,-0.9407,-0.9008,0.33851,-0.02790,-0.02359,0.00000,0,0.0200
23.123,DESCEND_TO_LOW,5.00,9.3966,9.4216,-0.9619,-0.9141,0.33283,-0.03342,-0.02375,0.00000,0,0.0229
23.141,DESCEND_TO_LOW,5.00,9.3799,9.4032,-0.9711,-0.9273,0.33550,-0.03064,-0.02387,0.00000,0,0.0181
23.160,DESCEND_TO_LOW,5.00,9.3621,9.3844,-0.9827,-0.9420,0.33754,-0.02848,-0.02399,0.00000,0,0.0191
23.180,DESCEND_TO_LOW,5.00,9.3430,9.3654,-0.9969,-0.9570,0.33800,-0.02790,-0.02411,0.00000,0,0.0200
23.200,DESCEND_TO_LOW,5.00,9.3237,9.3461,-1.0108,-0.9708,0.33781,-0.02797,-0.02423,0.00000,0,0.0200
23.220,DESCEND_TO_LOW,5.00,9.3041,9.3264,-1.0247,-0.9837,0.33698,-0.02868,-0.02435,0.00000,0,0.0200
23.240,DESCEND_TO_LOW,5.00,9.2841,9.3066,-1.0390,-0.9971,0.33621,-0.02932,-0.02447,0.00000,0,0.0201
23.263,DESCEND_TO_LOW,5.00,9.2611,9.2864,-1.0506,-1.0104,0.33722,-0.02817,-0.02461,0.00000,0,0.0230
23.280,DESCEND_TO_LOW,5.00,9.2442,9.2660,-1.0436,-1.0241,0.35167,-0.01366,-0.02466,0.00000,0,0.0169
23.300,DESCEND_TO_LOW,5.00,9.2242,9.2453,-1.0422,-1.0376,0.36206,-0.00327,-0.02468,0.00000,0,0.0200
23.321,DESCEND_TO_LOW,5.00,9.2037,9.2244,-1.0415,-1.0430,0.36636,0.00103,-0.02467,0.00000,0,0.0205
23.342,DESCEND_TO_LOW,5.00,9.1822,9.2035,-1.0426,-1.0442,0.36645,0.00112,-0.02467,0.00000,0,0.0214
23.361,DESCEND_TO_LOW,5.00,9.1634,9.1826,-1.0384,-1.0426,0.36830,0.00296,-0.02465,0.00000,0,0.0188
23.383,DESCEND_TO_LOW,5.00,9.1414,9.1618,-1.0407,-1.0407,0.36534,-0.00000,-0.02465,0.00000,0,0.0220
23.400,DESCEND_TO_LOW,5.00,9.1239,9.1410,-1.0342,-1.0379,0.36796,0.00260,-0.02465,0.00000,0,0.0175
23.420,DESCEND_TO_LOW,5.00,9.1038,9.1202,-1.0327,-1.0358,0.36755,0.00219,-0.02464,0.00000,0,0.0201
23.440,DESCEND_TO_LOW,5.00,9.0841,9.0994,-1.0306,-1.0338,0.36763,0.00225,-0.02463,0.00000,0,0.0197
23.460,DESCEND_TO_LOW,5.00,9.0637,9.0787,-1.0299,-1.0314,0.36645,0.00107,-0.02462,0.00000,0,0.0204
23.480,DESCEND_TO_LOW,5.00,9.0441,9.0580,-1.0278,-1.0291,0.36630,0.00092,-0.02462,0.00000,0,0.0196
23.500,DESCEND_TO_LOW,5.00,9.0241,9.0374,-1.0265,-1.0273,0.36594,0.00055,-0.02462,0.00000,0,0.0200
23.524,DESCEND_TO_LOW,5.00,9.0001,9.0167,-1.0333,-1.0257,0.36001,-0.00535,-0.02464,0.00000,0,0.0240
23.544,DESCEND_TO_LOW,5.00,8.9803,8.9756,-0.9907,-1.0240,0.38877,0.02331,-0.02454,0.00000,0,0.0198
23.560,DESCEND_TO_LOW,5.00,8.9642,8.9756,-1.0228,-1.0240,0.36631,0.00085,-0.02454,0.00000,0,0.0160
23.581,DESCEND_TO_LOW,5.00,8.9437,8.9551,-1.0229,-1.0154,0.36023,-0.00521,-0.02456,0.00000,0,0.0205
23.600,DESCEND_TO_LOW,5.00,8.9239,8.9348,-1.0218,-1.0111,0.35789,-0.00751,-0.02460,0.00000,0,0.0198
23.620,DESCEND_TO_LOW,5.00,8.9042,8.9144,-1.0204,-1.0125,0.35980,-0.00558,-0.02462,0.00000,0,0.0197
23.640,DESCEND_TO_LOW,5.00,8.8841,8.8941,-1.0199,-1.0152,0.36211,-0.00326,-0.02463,0.00000,0,0.0201
23.660,DESCEND_TO_LOW,5.00,8.8641,8.8736,-1.0189,-1.0172,0.36418,-0.00118,-0.02464,0.00000,0,0.0200
23.680,DESCEND_TO_LOW,5.00,8.8441,8.8531,-1.0181,-1.0176,0.36502,-0.00034,-0.02464,0.00000,0,0.0200
23.700,DESCEND_TO_LOW,5.00,8.8238,8.8326,-1.0176,-1.0175,0.36529,-0.00007,-0.02464,0.00000,0,0.0203
23.725,DESCEND_TO_LOW,5.00,8.7996,8.8121,-1.0250,-1.0168,0.35954,-0.00579,-0.02467,0.00000,0,0.0242
23.740,DESCEND_TO_LOW,5.00,8.7838,8.7916,-1.0157,-1.0158,0.36539,0.00006,-0.02467,0.00000,0,0.0158
23.760,DESCEND_TO_LOW,5.00,8.7641,8.7711,-1.0140,-1.0168,0.36733,0.00199,-0.02466,0.00000,0,0.0197
23.782,DESCEND_TO_LOW,5.00,8.7418,8.7506,-1.0176,-1.0165,0.36452,-0.00082,-0.02467,0.00000,0,0.0223
23.803,DESCEND_TO_LOW,5.00,8.7212,8.7301,-1.0178,-1.0144,0.36295,-0.00238,-0.02468,0.00000,0,0.0206
23.820,DESCEND_TO_LOW,5.00,8.7041,8.7096,-1.0110,-1.0132,0.36689,0.00156,-0.02467,0.00000,0,0.0171
23.840,DESCEND_TO_LOW,5.00,8.6840,8.6892,-1.0104,-1.0129,0.36711,0.00177,-0.02466,0.00000,0,0.0201
23.861,DESCEND_TO_LOW,5.00,8.6637,8.6687,-1.0101,-1.0117,0.36647,0.00113,-0.02466,0.00000,0,0.0203
23.885,DESCEND_TO_LOW,5.00,8.6393,8.6484,-1.0181,-1.0094,0.35928,-0.00603,-0.02469,0.00000,0,0.0243
23.901,DESCEND_TO_LOW,5.00,8.6237,8.6280,-1.0086,-1.0078,0.36474,-0.00056,-0.02469,0.00000,0,0.0157
23.921,DESCEND_TO_LOW,5.00,8.6033,8.6076,-1.0086,-1.0092,0.36574,0.00043,-0.02469,0.00000,0,0.0204
23.940,DESCEND_TO_LOW,5.00,8.5837,8.5873,-1.0071,-1.0091,0.36667,0.00136,-0.02468,0.00000,0,0.0195
23.961,DESCEND_TO_LOW,5.00,8.5629,8.5669,-1.0080,-1.0076,0.36503,-0.00029,-0.02468,0.00000,0,0.0208
23.980,DESCEND_TO_LOW,5.00,8.5442,8.5467,-1.0050,-1.0059,0.36591,0.00059,-0.02468,0.00000,0,0.0188
24.000,DESCEND_TO_LOW,5.00,8.5241,8.5264,-1.0047,-1.0048,0.36539,0.00007,-0.02468,0.00000,0,0.0201
24.023,DESCEND_TO_LOW,5.00,8.5011,8.5061,-1.0101,-1.0034,0.36061,-0.00468,-0.02471,0.00000,0,0.0230
24.040,DESCEND_TO_LOW,5.00,8.4840,8.4860,-1.0039,-1.0022,0.36414,-0.00115,-0.02471,0.00000,0,0.0171
24.060,DESCEND_TO_LOW,5.00,8.4639,8.4657,-1.0036,-1.0025,0.36455,-0.00074,-0.02471,0.00000,0,0.0201
24.080,DESCEND_TO_LOW,5.00,8.4440,8.4456,-1.0031,-1.0028,0.36505,-0.00024,-0.02471,0.00000,0,0.0199
24.100,DESCEND_TO_LOW,5.00,8.4242,8.4254,-1.0024,-1.0022,0.36516,-0.00013,-0.02471,0.00000,0,0.0198
24.120,DESCEND_TO_LOW,5.00,8.4038,8.4051,-1.0027,-1.0013,0.36429,-0.00099,-0.02472,0.00000,0,0.0204
24.141,DESCEND_TO_LOW,5.00,8.3829,8.3850,-1.0042,-1.0004,0.36262,-0.00265,-0.02473,0.00000,0,0.0208
24.161,DESCEND_TO_LOW,5.00,8.3637,8.3648,-1.0023,-0.9998,0.36352,-0.00174,-0.02474,0.00000,0,0.0192
24.181,DESCEND_TO_LOW,5.00,8.3430,8.3448,-1.0036,-0.9999,0.36265,-0.00260,-0.02475,0.00000,0,0.0207
24.201,DESCEND_TO_LOW,5.00,8.3234,8.3246,-1.0024,-0.9998,0.36337,-0.00187,-0.02476,0.00000,0,0.0196
24.221,DESCEND_TO_LOW,5.00,8.3031,8.3044,-1.0026,-1.0000,0.36344,-0.00179,-0.02476,0.00000,0,0.0203
24.240,DESCEND_TO_LOW,5.00,8.2841,8.2843,-1.0005,-0.9999,0.36481,-0.00043,-0.02477,0.00000,0,0.0190
24.260,DESCEND_TO_LOW,5.00,8.2642,8.2642,-1.0000,-0.9997,0.36501,-0.00022,-0.02477,0.00000,0,0.0199
24.280,DESCEND_TO_LOW,5.00,8.2438,8.2441,-1.0005,-0.9989,0.36413,-0.00110,-0.02477,0.00000,0,0.0203
24.304,DESCEND_TO_LOW,5.00,8.2205,8.2240,-1.0069,-0.9981,0.35905,-0.00615,-0.02480,0.00000,0,0.0233
24.320,DESCEND_TO_LOW,5.00,8.2042,8.2039,-0.9993,-0.9977,0.36409,-0.00110,-0.02481,0.00000,0,0.0163
24.341,DESCEND_TO_LOW,5.00,8.1837,8.1838,-1.0003,-0.9994,0.36457,-0.00062,-0.02481,0.00000,0,0.0205
24.363,DESCEND_TO_LOW,5.00,8.1612,8.1637,-1.0048,-0.9998,0.36164,-0.00353,-0.02483,0.00000,0,0.0224
24.381,DESCEND_TO_LOW,5.00,8.1436,8.1436,-0.9999,-0.9990,0.36448,-0.00069,-0.02483,0.00000,0,0.0176
24.401,DESCEND_TO_LOW,5.00,8.1231,8.1235,-1.0008,-0.9996,0.36431,-0.00086,-0.02483,0.00000,0,0.0205
24.421,DESCEND_TO_LOW,5.00,8.1037,8.1042,-1.0009,-0.9990,0.36379,-0.00137,-0.02484,0.00000,0,0.0194
24.445,DESCEND_TO_LOW,5.00,8.0793,8.0841,-1.0096,-0.9982,0.35714,-0.00798,-0.02488,0.00000,0,0.0244
24.464,DESCEND_TO_LOW,5.00,8.0604,8.0440,-0.9671,-0.9987,0.38734,0.02213,-0.02479,0.00000,0,0.0189
24.481,DESCEND_TO_LOW,5.00,8.0433,8.0440,-1.0015,-0.9987,0.36329,-0.00192,-0.02480,0.00000,0,0.0172
24.505,DESCEND_TO_LOW,5.00,8.0195,8.0239,-1.0088,-0.9938,0.35459,-0.01056,-0.02485,0.00000,0,0.0238
24.524,DESCEND_TO_LOW,5.00,8.0004,7.9841,-0.9674,-0.9911,0.38183,0.01662,-0.02478,0.00000,0,0.0190
24.540,DESCEND_TO_LOW,5.00,7.9840,7.9841,-1.0001,-0.9911,0.35889,-0.00630,-0.02481,0.00000,0,0.0164
24.561,DESCEND_TO_LOW,5.00,7.9630,7.9642,-1.0023,-0.9882,0.35526,-0.00989,-0.02485,0.00000,0,0.0210
24.580,DESCEND_TO_LOW,5.00,7.9441,7.9444,-1.0006,-0.9887,0.35678,-0.00833,-0.02488,0.00000,0,0.0189
24.603,DESCEND_TO_LOW,5.00,7.9210,7.9245,-1.0069,-0.9927,0.35507,-0.01000,-0.02493,0.00000,0,0.0231
24.621,DESCEND_TO_LOW,5.00,7.9035,7.9044,-1.0019,-0.9965,0.36129,-0.00376,-0.02495,0.00000,0,0.0175
24.640,DESCEND_TO_LOW,5.00,7.8840,7.8844,-1.0009,-1.0004,0.36470,-0.00035,-0.02495,0.00000,0,0.0195
24.663,DESCEND_TO_LOW,5.00,7.8616,7.8642,-1.0051,-1.0026,0.36329,-0.00175,-0.02496,0.00000,0,0.0223
24.682,DESCEND_TO_LOW,5.00,7.8426,7.8441,-1.0030,-1.0021,0.36446,-0.00058,-0.02496,0.00000,0,0.0190
24.705,DESCEND_TO_LOW,5.00,7.8196,7.8038,-0.9684,-1.0009,0.38793,0.02277,-0.02485,0.00000,0,0.0230
24.720,DESCEND_TO_LOW,5.00,7.8042,7.8038,-0.9992,-1.0009,0.36635,0.00119,-0.02484,0.00000,0,0.0154
24.741,DESCEND_TO_LOW,5.00,7.7834,7.7837,-1.0007,-0.9941,0.36045,-0.00468,-0.02486,0.00000,0,0.0208
24.761,DESCEND_TO_LOW,5.00,7.7634,7.7638,-1.0008,-0.9908,0.35814,-0.00697,-0.02489,0.00000,0,0.0200
24.783,DESCEND_TO_LOW,5.00,7.7416,7.7439,-1.0046,-0.9913,0.35576,-0.00930,-0.02494,0.00000,0,0.0218
24.803,DESCEND_TO_LOW,5.00,7.7215,7.7239,-1.0047,-0.9941,0.35755,-0.00748,-0.02497,0.00000,0,0.0200
24.824,DESCEND_TO_LOW,5.00,7.7003,7.6830,-0.9652,-1.0015,0.39055,0.02540,-0.02485,0.00000,0,0.0212
24.840,DESCEND_TO_LOW,5.00,7.6838,7.6830,-0.9984,-1.0015,0.36735,0.00219,-0.02485,0.00000,0,0.0166
24.861,DESCEND_TO_LOW,5.00,7.6637,7.6628,-0.9983,-0.9934,0.36172,-0.00342,-0.02486,0.00000,0,0.0201
24.885,DESCEND_TO_LOW,5.00,7.6394,7.6429,-1.0071,-0.9869,0.35096,-0.01410,-0.02493,0.00000,0,0.0243
24.904,DESCEND_TO_LOW,5.00,7.6205,7.6231,-1.0052,-0.9873,0.35245,-0.01256,-0.02499,0.00000,0,0.0189
24.924,DESCEND_TO_LOW,5.00,7.6003,7.6032,-1.0058,-0.9925,0.35563,-0.00935,-0.02503,0.00000,0,0.0202
24.941,DESCEND_TO_LOW,5.00,7.5837,7.5832,-0.9991,-0.9984,0.36449,-0.00048,-0.02503,0.00000,0,0.0166
24.961,DESCEND_TO_LOW,5.00,7.5637,7.5631,-0.9989,-1.0026,0.36755,0.00257,-0.02502,0.00000,0,0.0200
24.981,DESCEND_TO_LOW,5.00,7.5436,7.5430,-0.9988,-1.0024,0.36749,0.00250,-0.02501,0.00000,0,0.0201
25.002,DESCEND_TO_LOW,5.00,7.5219,7.5229,-1.0020,-1.0003,0.36384,-0.00114,-0.02501,0.00000,0,0.0216
25.023,DESCEND_TO_LOW,5.00,7.5016,7.5020,-1.0007,-0.9981,0.36313,-0.00185,-0.02502,0.00000,0,0.0203
25.044,DESCEND_TO_LOW,5.00,7.4799,7.4819,-1.0041,-0.9974,0.36028,-0.00468,-0.02504,0.00000,0,0.0218
25.060,DESCEND_TO_LOW,5.00,7.4642,7.4619,-0.9954,-0.9974,0.36641,0.00144,-0.02504,0.00000,0,0.0157
25.080,DESCEND_TO_LOW,5.00,7.4442,7.4418,-0.9953,-0.9984,0.36709,0.00212,-0.02503,0.00000,0,0.0200
25.103,DESCEND_TO_LOW,5.00,7.4209,7.4218,-1.0018,-0.9972,0.36179,-0.00317,-0.02504,0.00000,0,0.0232
25.120,DESCEND_TO_LOW,5.00,7.4041,7.4018,-0.9953,-0.9952,0.36486,-0.00010,-0.02504,0.00000,0,0.0168
25.141,DESCEND_TO_LOW,5.00,7.3836,7.3818,-0.9964,-0.9946,0.36369,-0.00126,-0.02505,0.00000,0,0.0205
25.160,DESCEND_TO_LOW,5.00,7.3637,7.3619,-0.9963,-0.9937,0.36312,-0.00182,-0.02506,0.00000,0,0.0199
25.185,DESCEND_TO_LOW,5.00,7.3393,7.3420,-1.0054,-0.9934,0.35651,-0.00839,-0.02510,0.00000,0,0.0245
25.200,DESCEND_TO_LOW,5.00,7.3240,7.3221,-0.9960,-0.9934,0.36306,-0.00184,-0.02511,0.00000,0,0.0152
25.221,DESCEND_TO_LOW,5.00,7.3036,7.3021,-0.9970,-0.9961,0.36430,-0.00060,-0.02511,0.00000,0,0.0205
25.240,DESCEND_TO_LOW,5.00,7.2842,7.2820,-0.9957,-0.9971,0.36588,0.00099,-0.02511,0.00000,0,0.0194
25.260,DESCEND_TO_LOW,5.00,7.2642,7.2620,-0.9957,-0.9966,0.36553,0.00064,-0.02510,0.00000,0,0.0200
25.280,DESCEND_TO_LOW,5.00,7.2442,7.2420,-0.9957,-0.9952,0.36459,-0.00031,-0.02510,0.00000,0,0.0200
25.300,DESCEND_TO_LOW,5.00,7.2239,7.2221,-0.9963,-0.9939,0.36325,-0.00164,-0.02511,0.00000,0,0.0203
25.320,DESCEND_TO_LOW,5.00,7.2040,7.2021,-0.9961,-0.9933,0.36293,-0.00195,-0.02512,0.00000,0,0.0199
25.343,DESCEND_TO_LOW,5.00,7.1814,7.1821,-1.0014,-0.9932,0.35910,-0.00575,-0.02515,0.00000,0,0.0226
25.361,DESCEND_TO_LOW,5.00,7.1637,7.1622,-0.9971,-0.9934,0.36228,-0.00256,-0.02516,0.00000,0,0.0177
25.385,DESCEND_TO_LOW,5.00,7.1394,7.1422,-1.0056,-0.9951,0.35740,-0.00741,-0.02520,0.00000,0,0.0243
25.402,DESCEND_TO_LOW,5.00,7.1221,7.1222,-1.0004,-0.9959,0.36167,-0.00312,-0.02521,0.00000,0,0.0173
25.420,DESCEND_TO_LOW,5.00,7.1038,7.1022,-0.9966,-0.9981,0.36579,0.00100,-0.02520,0.00000,0,0.0182
25.440,DESCEND_TO_LOW,5.00,7.0842,7.0820,-0.9957,-0.9995,0.36747,0.00266,-0.02519,0.00000,0,0.0197
25.460,DESCEND_TO_LOW,5.00,7.0639,7.0620,-0.9961,-0.9986,0.36653,0.00171,-0.02518,0.00000,0,0.0203
25.481,DESCEND_TO_LOW,5.00,7.0431,7.0419,-0.9976,-0.9964,0.36403,-0.00078,-0.02519,0.00000,0,0.0208
25.500,DESCEND_TO_LOW,5.00,7.0242,7.0219,-0.9955,-0.9948,0.36433,-0.00048,-0.02519,0.00000,0,0.0189
25.524,DESCEND_TO_LOW,5.00,7.0000,6.9819,-0.9638,-0.9937,0.38587,0.02095,-0.02508,0.00000,0,0.0242
25.542,DESCEND_TO_LOW,5.00,6.9824,6.9819,-0.9990,-0.9937,0.36120,-0.00370,-0.02510,0.00000,0,0.0176
25.560,DESCEND_TO_LOW,5.00,6.9640,6.9620,-0.9960,-0.9874,0.35888,-0.00600,-0.02512,0.00000,0,0.0184
25.585,DESCEND_TO_LOW,5.00,6.9393,6.9422,-1.0058,-0.9855,0.35054,-0.01427,-0.02519,0.00000,0,0.0247
25.600,DESCEND_TO_LOW,5.00,6.9242,6.9224,-0.9964,-0.9876,0.35862,-0.00616,-0.02521,0.00000,0,0.0151
25.621,DESCEND_TO_LOW,5.00,6.9033,6.9025,-0.9983,-0.9933,0.36128,-0.00349,-0.02523,0.00000,0,0.0209
25.645,DESCEND_TO_LOW,5.00,6.8794,6.8825,-1.0061,-0.9959,0.35759,-0.00714,-0.02527,0.00000,0,0.0239
25.662,DESCEND_TO_LOW,5.00,6.8620,6.8625,-1.0010,-0.9973,0.36217,-0.00256,-0.02528,0.00000,0,0.0174
25.684,DESCEND_TO_LOW,5.00,6.8398,6.8424,-1.0054,-0.9993,0.36045,-0.00426,-0.02530,0.00000,0,0.0223
25.704,DESCEND_TO_LOW,5.00,6.8203,6.8223,-1.0039,-1.0005,0.36234,-0.00235,-0.02531,0.00000,0,0.0194
25.724,DESCEND_TO_LOW,5.00,6.8002,6.7820,-0.9636,-1.0025,0.39200,0.02719,-0.02519,0.00000,0,0.0202
25.740,DESCEND_TO_LOW,5.00,6.7842,6.7820,-0.9956,-1.0025,0.36960,0.00477,-0.02517,0.00000,0,0.0160
25.763,DESCEND_TO_LOW,5.00,6.7617,6.7619,-1.0005,-0.9948,0.36086,-0.00395,-0.02519,0.00000,0,0.0225
25.784,DESCEND_TO_LOW,5.00,6.7398,6.7219,-0.9642,-0.9916,0.38411,0.01921,-0.02510,0.00000,0,0.0218
25.800,DESCEND_TO_LOW,5.00,6.7240,6.7219,-0.9958,-0.9916,0.36197,-0.00292,-0.02511,0.00000,0,0.0158
25.823,DESCEND_TO_LOW,5.00,6.7016,6.7020,-1.0009,-0.9854,0.35395,-0.01089,-0.02516,0.00000,0,0.0224
25.844,DESCEND_TO_LOW,5.00,6.6799,6.6822,-1.0046,-0.9833,0.34986,-0.01490,-0.02523,0.00000,0,0.0217
25.863,DESCEND_TO_LOW,5.00,6.6614,6.6624,-1.0020,-0.9867,0.35402,-0.01070,-0.02528,0.00000,0,0.0185
25.881,DESCEND_TO_LOW,5.00,6.6430,6.6425,-0.9990,-0.9930,0.36052,-0.00418,-0.02529,0.00000,0,0.0185
25.904,DESCEND_TO_LOW,5.00,6.6201,6.6224,-1.0046,-0.9983,0.36029,-0.00440,-0.02531,0.00000,0,0.0229
25.920,DESCEND_TO_LOW,5.00,6.6040,6.6023,-0.9965,-1.0010,0.36790,0.00321,-0.02530,0.00000,0,0.0160
25.941,DESCEND_TO_LOW,5.00,6.5829,6.5819,-0.9980,-1.0027,0.36797,0.00326,-0.02529,0.00000,0,0.0211
25.960,DESCEND_TO_LOW,5.00,6.5639,6.5617,-0.9956,-1.0014,0.36875,0.00402,-0.02527,0.00000,0,0.0190
25.980,DESCEND_TO_LOW,5.00,6.5442,6.5415,-0.9946,-0.9990,0.36783,0.00309,-0.02526,0.00000,0,0.0197
26.004,DESCEND_TO_LOW,5.00,6.5207,6.5212,-1.0011,-0.9963,0.36140,-0.00333,-0.02528,0.00000,0,0.0235
26.022,DESCEND_TO_LOW,5.00,6.5022,6.5012,-0.9979,-0.9939,0.36189,-0.00283,-0.02529,0.00000,0,0.0185
26.040,DESCEND_TO_LOW,5.00,6.4842,6.4810,-0.9937,-0.9934,0.36449,-0.00022,-0.02529,0.00000,0,0.0180
26.060,DESCEND_TO_LOW,5.00,6.4639,6.4610,-0.9942,-0.9943,0.36480,0.00008,-0.02529,0.00000,0,0.0202
26.080,DESCEND_TO_LOW,5.00,6.4441,6.4409,-0.9937,-0.9939,0.36488,0.00016,-0.02529,0.00000,0,0.0199
26.100,DESCEND_TO_LOW,5.00,6.4241,6.4207,-0.9933,-0.9931,0.36461,-0.00010,-0.02529,0.00000,0,0.0199
26.120,DESCEND_TO_LOW,5.00,6.4041,6.4008,-0.9933,-0.9923,0.36396,-0.00075,-0.02529,0.00000,0,0.0200
26.144,DESCEND_TO_LOW,5.00,6.3805,6.3607,-0.9604,-0.9911,0.38632,0.02150,-0.02518,0.00000,0,0.0236
26.160,DESCEND_TO_LOW,5.00,6.3641,6.3607,-0.9933,-0.9911,0.36330,-0.00151,-0.02519,0.00000,0,0.0164
26.181,DESCEND_TO_LOW,5.00,6.3436,6.3407,-0.9941,-0.9835,0.35735,-0.00743,-0.02522,0.00000,0,0.0204
26.200,DESCEND_TO_LOW,5.00,6.3242,6.3208,-0.9932,-0.9836,0.35805,-0.00671,-0.02525,0.00000,0,0.0194
26.225,DESCEND_TO_LOW,5.00,6.2992,6.2810,-0.9635,-0.9890,0.38266,0.01781,-0.02515,0.00000,0,0.0250
26.240,DESCEND_TO_LOW,5.00,6.2842,6.2810,-0.9936,-0.9890,0.36158,-0.00326,-0.02516,0.00000,0,0.0151
26.262,DESCEND_TO_LOW,5.00,6.2623,6.2611,-0.9976,-0.9837,0.35509,-0.00970,-0.02521,0.00000,0,0.0219
26.280,DESCEND_TO_LOW,5.00,6.2442,6.2413,-0.9942,-0.9823,0.35644,-0.00832,-0.02524,0.00000,0,0.0181
26.304,DESCEND_TO_LOW,5.00,6.2202,6.2214,-1.0023,-0.9855,0.35293,-0.01177,-0.02530,0.00000,0,0.0240
26.324,DESCEND_TO_LOW,5.00,6.2002,6.1814,-0.9624,-0.9939,0.38686,0.02206,-0.02521,0.00000,0,0.0200
26.340,DESCEND_TO_LOW,5.00,6.1842,6.1814,-0.9945,-0.9939,0.36441,-0.00038,-0.02521,0.00000,0,0.0160
26.360,DESCEND_TO_LOW,5.00,6.1642,6.1615,-0.9945,-0.9879,0.36010,-0.00467,-0.02523,0.00000,0,0.0200
26.380,DESCEND_TO_LOW,5.00,6.1442,6.1416,-0.9948,-0.9846,0.35760,-0.00714,-0.02526,0.00000,0,0.0200
26.400,DESCEND_TO_LOW,5.00,6.1238,6.1217,-0.9957,-0.9862,0.35806,-0.00666,-0.02529,0.00000,0,0.0204
26.423,DESCEND_TO_LOW,5.00,6.1009,6.1018,-1.0018,-0.9892,0.35587,-0.00880,-0.02533,0.00000,0,0.0229
26.440,DESCEND_TO_LOW,5.00,6.0838,6.0817,-0.9959,-0.9922,0.36209,-0.00257,-0.02534,0.00000,0,0.0171
26.464,DESCEND_TO_LOW,5.00,6.0602,6.0416,-0.9629,-0.9969,0.38861,0.02383,-0.02522,0.00000,0,0.0236
26.480,DESCEND_TO_LOW,5.00,6.0441,6.0416,-0.9951,-0.9969,0.36606,0.00127,-0.02521,0.00000,0,0.0161
26.500,DESCEND_TO_LOW,5.00,6.0240,6.0223,-0.9967,-0.9893,0.35961,-0.00515,-0.02524,0.00000,0,0.0201
26.523,DESCEND_TO_LOW,5.00,6.0011,6.0025,-1.0028,-0.9880,0.35435,-0.01036,-0.02529,0.00000,0,0.0230
26.540,DESCEND_TO_LOW,5.00,5.9841,5.9825,-0.9967,-0.9892,0.35942,-0.00528,-0.02531,0.00000,0,0.0169
26.565,DESCEND_TO_LOW,5.00,5.9592,5.9626,-1.0068,-0.9934,0.35528,-0.00937,-0.02536,0.00000,0,0.0249
26.580,DESCEND_TO_LOW,5.00,5.9442,5.9426,-0.9968,-0.9960,0.36405,-0.00059,-0.02536,0.00000,0,0.0151
26.600,DESCEND_TO_LOW,5.00,5.9238,5.9225,-0.9973,-0.9993,0.36605,0.00140,-0.02535,0.00000,0,0.0203
26.620,DESCEND_TO_LOW,5.00,5.9041,5.9024,-0.9966,-1.0000,0.36706,0.00241,-0.02534,0.00000,0,0.0197
26.645,DESCEND_TO_LOW,5.00,5.8792,5.8622,-0.9659,-0.9967,0.38633,0.02156,-0.02523,0.00000,0,0.0249
26.660,DESCEND_TO_LOW,5.00,5.8642,5.8622,-0.9960,-0.9967,0.36528,0.00051,-0.02523,0.00000,0,0.0150
26.680,DESCEND_TO_LOW,5.00,5.8440,5.8422,-0.9964,-0.9896,0.36003,-0.00473,-0.02525,0.00000,0,0.0202
26.703,DESCEND_TO_LOW,5.00,5.8213,5.8223,-1.0020,-0.9871,0.35429,-0.01041,-0.02530,0.00000,0,0.0227
26.722,DESCEND_TO_LOW,5.00,5.8025,5.8024,-0.9998,-0.9883,0.35660,-0.00807,-0.02533,0.00000,0,0.0188
26.745,DESCEND_TO_LOW,5.00,5.7796,5.7627,-0.9661,-0.9957,0.38546,0.02068,-0.02523,0.00000,0,0.0229
26.760,DESCEND_TO_LOW,5.00,5.7639,5.7627,-0.9977,-0.9957,0.36335,-0.00142,-0.02523,0.00000,0,0.0158
26.780,DESCEND_TO_LOW,5.00,5.7439,5.7428,-0.9977,-0.9914,0.36037,-0.00438,-0.02525,0.00000,0,0.0199
26.800,DESCEND_TO_LOW,5.00,5.7242,5.7229,-0.9975,-0.9894,0.35901,-0.00572,-0.02528,0.00000,0,0.0198
26.825,DESCEND_TO_LOW,5.00,5.6992,5.7031,-1.0077,-0.9908,0.35284,-0.01182,-0.02534,0.00000,0,0.0249
26.844,DESCEND_TO_LOW,5.00,5.6807,5.6633,-0.9546,-0.9970,0.39450,0.02972,-0.02522,0.00000,0,0.0188
26.860,DESCEND_TO_LOW,5.00,5.6648,5.6633,-0.9732,-0.9970,0.38155,0.01671,-0.02516,0.00000,0,0.0163
26.880,DESCEND_TO_LOW,5.00,5.6454,5.6432,-0.9603,-0.9912,0.38652,0.02159,-0.02507,0.00000,0,0.0200
26.905,DESCEND_TO_LOW,5.00,5.6218,5.6032,-0.9134,-0.9674,0.40296,0.03783,-0.02487,0.00000,0,0.0249
26.924,DESCEND_TO_LOW,5.00,5.6043,5.6032,-0.9308,-0.9674,0.39089,0.02566,-0.02476,0.00000,0,0.0188
26.942,DESCEND_TO_LOW,5.00,5.5877,5.5839,-0.9123,-0.9504,0.39197,0.02663,-0.02466,0.00000,0,0.0180
26.961,DESCEND_TO_LOW,5.00,5.5705,5.5651,-0.8963,-0.9349,0.39251,0.02706,-0.02455,0.00000,0,0.0189
26.982,DESCEND_TO_LOW,5.00,5.5514,5.5466,-0.8840,-0.9206,0.39119,0.02562,-0.02443,0.00000,0,0.0214
27.000,DESCEND_TO_LOW,5.00,5.5356,5.5283,-0.8640,-0.9062,0.39518,0.02950,-0.02432,0.00000,0,0.0180
27.023,DESCEND_TO_LOW,5.00,5.5159,5.5103,-0.8547,-0.8922,0.39210,0.02629,-0.02419,0.00000,0,0.0228
27.041,DESCEND_TO_LOW,5.00,5.5008,5.4925,-0.8332,-0.8772,0.39671,0.03078,-0.02407,0.00000,0,0.0177
27.065,DESCEND_TO_LOW,5.00,5.4805,5.4580,-0.7923,-0.8470,0.40436,0.03823,-0.02388,0.00000,0,0.0243
27.080,DESCEND_TO_LOW,5.00,5.4680,5.4580,-0.8000,-0.8470,0.39907,0.03283,-0.02377,0.00000,0,0.0152
27.105,DESCEND_TO_LOW,5.00,5.4478,5.4404,-0.7947,-0.8280,0.38971,0.02335,-0.02364,0.00000,0,0.0249
27.122,DESCEND_TO_LOW,5.00,5.4343,5.4240,-0.7712,-0.8109,0.39426,0.02780,-0.02354,0.00000,0,0.0171
27.141,DESCEND_TO_LOW,5.00,5.4199,5.4078,-0.7555,-0.7976,0.39600,0.02943,-0.02343,0.00000,0,0.0185
27.163,DESCEND_TO_LOW,5.00,5.4030,5.3918,-0.7442,-0.7836,0.39426,0.02755,-0.02330,0.00000,0,0.0220
27.180,DESCEND_TO_LOW,5.00,5.3898,5.3762,-0.7239,-0.7684,0.39796,0.03114,-0.02318,0.00000,0,0.0176
27.204,DESCEND_TO_LOW,5.00,5.3718,5.3608,-0.7168,-0.7536,0.39271,0.02575,-0.02304,0.00000,0,0.0244
27.221,DESCEND_TO_LOW,5.00,5.3599,5.3459,-0.6934,-0.7373,0.39785,0.03079,-0.02294,0.00000,0,0.0165
27.240,DESCEND_TO_LOW,5.00,5.3464,5.3311,-0.6793,-0.7227,0.39752,0.03033,-0.02281,0.00000,0,0.0191
27.265,DESCEND_TO_LOW,5.00,5.3290,5.3026,-0.6437,-0.6913,0.40072,0.03335,-0.02263,0.00000,0,0.0250
27.280,DESCEND_TO_LOW,5.00,5.3188,5.3026,-0.6463,-0.6913,0.39897,0.03151,-0.02253,0.00000,0,0.0150
27.300,DESCEND_TO_LOW,5.00,5.3055,5.2889,-0.6349,-0.6749,0.39556,0.02797,-0.02241,0.00000,0,0.0200
27.320,DESCEND_TO_LOW,5.00,5.2922,5.2755,-0.6205,-0.6588,0.39450,0.02680,-0.02230,0.00000,0,0.0203
27.340,DESCEND_TO_LOW,5.00,5.2796,5.2623,-0.6049,-0.6439,0.39508,0.02726,-0.02218,0.00000,0,0.0197
27.360,DESCEND_TO_LOW,5.00,5.2670,5.2493,-0.5904,-0.6300,0.39567,0.02773,-0.02206,0.00000,0,0.0202
27.382,DESCEND_TO_LOW,5.00,5.2539,5.2368,-0.5772,-0.6162,0.39537,0.02730,-0.02194,0.00000,0,0.0214
27.400,DESCEND_TO_LOW,5.00,5.2429,5.2245,-0.5593,-0.6019,0.39800,0.02981,-0.02182,0.00000,0,0.0185
27.420,DESCEND_TO_LOW,5.00,5.2312,5.2125,-0.5458,-0.5878,0.39776,0.02945,-0.02169,0.00000,0,0.0201
27.440,DESCEND_TO_LOW,5.00,5.2197,5.2008,-0.5310,-0.5729,0.39780,0.02937,-0.02156,0.00000,0,0.0201
27.462,DESCEND_TO_LOW,5.00,5.2075,5.1893,-0.5183,-0.5579,0.39630,0.02773,-0.02143,0.00000,0,0.0220
27.484,DESCEND_TO_LOW,5.00,5.1956,5.1783,-0.5044,-0.5429,0.39562,0.02693,-0.02131,0.00000,0,0.0222
27.502,DESCEND_TO_LOW,5.00,5.1865,5.1675,-0.4851,-0.5285,0.39917,0.03037,-0.02119,0.00000,0,0.0173
27.520,DESCEND_TO_LOW,5.00,5.1771,5.1570,-0.4707,-0.5148,0.39977,0.03085,-0.02107,0.00000,0,0.0183
27.540,DESCEND_TO_LOW,5.00,5.1672,5.1467,-0.4570,-0.4997,0.39901,0.02995,-0.02094,0.00000,0,0.0200
27.560,DESCEND_TO_LOW,5.00,5.1575,5.1367,-0.4422,-0.4841,0.39851,0.02932,-0.02082,0.00000,0,0.0200
27.580,DESCEND_TO_LOW,5.00,5.1481,5.1271,-0.4275,-0.4690,0.39833,0.02903,-0.02069,0.00000,0,0.0200
27.600,DESCEND_TO_LOW,5.00,5.1390,5.1177,-0.4129,-0.4541,0.39830,0.02887,-0.02057,0.00000,0,0.0200
27.620,DESCEND_TO_LOW,5.00,5.1302,5.1088,-0.3983,-0.4393,0.39828,0.02872,-0.02045,0.00000,0,0.0200
27.643,DESCEND_TO_LOW,5.00,5.1205,5.1000,-0.3861,-0.4246,0.39664,0.02696,-0.02031,0.00000,0,0.0228
27.662,DESCEND_TO_LOW,5.00,5.1124,5.0916,-0.3690,-0.4100,0.39845,0.02864,-0.02019,0.00000,0,0.0196
27.681,DESCEND_TO_LOW,5.00,5.1051,5.0835,-0.3535,-0.3962,0.39977,0.02984,-0.02008,0.00000,0,0.0184
27.705,DESCEND_TO_LOW,5.00,5.0959,5.0757,-0.3433,-0.3820,0.39718,0.02712,-0.01994,0.00000,0,0.0240
27.723,DESCEND_TO_LOW,5.00,5.0894,5.0682,-0.3241,-0.3671,0.40030,0.03013,-0.01982,0.00000,0,0.0178
27.740,DESCEND_TO_LOW,5.00,5.0832,5.0609,-0.3092,-0.3529,0.40085,0.03056,-0.01971,0.00000,0,0.0175
27.763,DESCEND_TO_LOW,5.00,5.0753,5.0539,-0.2984,-0.3385,0.39847,0.02804,-0.01957,0.00000,0,0.0230
27.781,DESCEND_TO_LOW,5.00,5.0697,5.0473,-0.2799,-0.3231,0.40079,0.03025,-0.01946,0.00000,0,0.0175
27.805,DESCEND_TO_LOW,5.00,5.0621,5.0409,-0.2699,-0.3084,0.39766,0.02697,-0.01932,0.00000,0,0.0243
27.820,DESCEND_TO_LOW,5.00,5.0575,5.0349,-0.2496,-0.2933,0.40140,0.03062,-0.01921,0.00000,0,0.0155
27.840,DESCEND_TO_LOW,5.00,5.0519,5.0291,-0.2381,-0.2791,0.39959,0.02868,-0.01909,0.00000,0,0.0196
27.860,DESCEND_TO_LOW,5.00,5.0465,5.0237,-0.2241,-0.2642,0.39913,0.02810,-0.01897,0.00000,0,0.0202
27.880,DESCEND_TO_LOW,5.00,5.0414,5.0186,-0.2094,-0.2498,0.39947,0.02832,-0.01885,0.00000,0,0.0198
27.903,DESCEND_TO_LOW,5.00,5.0359,5.0092,-0.1875,-0.2216,0.39513,0.02387,-0.01873,0.00000,0,0.0231
27.922,DESCEND_TO_LOW,5.00,5.0317,5.0092,-0.1791,-0.2216,0.40116,0.02977,-0.01862,0.00000,0,0.0186
27.940,DESCEND_TO_LOW,5.00,5.0279,5.0049,-0.1648,-0.2092,0.40259,0.03109,-0.01849,0.00000,0,0.0183
27.963,DESCEND_TO_LOW,5.00,5.0233,5.0008,-0.1525,-0.1956,0.40183,0.03017,-0.01834,0.00000,0,0.0233
27.981,DESCEND_TO_LOW,5.00,5.0202,4.9970,-0.1341,-0.1804,0.40418,0.03240,-0.01822,0.00000,0,0.0172
28.001,DESCEND_TO_LOW,5.00,5.0168,4.9936,-0.1216,-0.1653,0.40251,0.03061,-0.01809,0.00000,0,0.0201
28.022,DESCEND_TO_LOW,5.00,5.0136,4.9905,-0.1071,-0.1496,0.40180,0.02975,-0.01796,0.00000,0,0.0210
28.040,DESCEND_TO_LOW,5.00,5.0110,4.9877,-0.0912,-0.1344,0.40245,0.03028,-0.01784,0.00000,0,0.0184
28.060,DESCEND_TO_LOW,5.00,5.0085,4.9852,-0.0777,-0.1195,0.40161,0.02932,-0.01771,0.00000,0,0.0201
28.080,DESCEND_TO_LOW,5.00,5.0063,4.9830,-0.0626,-0.1046,0.40181,0.02940,-0.01759,0.00000,0,0.0200
28.100,DESCEND_TO_LOW,5.00,5.0044,4.9812,-0.0478,-0.0904,0.40236,0.02982,-0.01746,0.00000,0,0.0202
28.120,DESCEND_TO_LOW,5.00,5.0029,4.9796,-0.0323,-0.0759,0.40314,0.03047,-0.01733,0.00000,0,0.0198
28.140,DESCEND_TO_LOW,5.00,5.0016,4.9783,-0.0169,-0.0612,0.40378,0.03098,-0.01720,0.00000,0,0.0200
28.160,DESCEND_TO_LOW,5.00,5.0007,4.9773,-0.0008,-0.0461,0.40464,0.03170,-0.01706,0.00000,0,0.0202
28.180,DESCEND_TO_LOW,5.00,5.0001,4.9765,0.0168,-0.0309,0.40645,0.03337,-0.01692,0.00000,0,0.0198
28.202,DESCEND_TO_LOW,5.00,5.0000,4.9762,0.0477,-0.0152,0.41733,0.04404,-0.01671,0.00000,0,0.0224
28.224,DESCEND_TO_LOW,5.00,5.0000,4.9764,0.0471,0.0219,0.39103,0.01766,-0.01662,0.00000,0,0.0212
28.242,DESCEND_TO_LOW,5.00,5.0000,4.9764,0.0471,0.0219,0.39110,0.01766,-0.01656,0.00000,0,0.0181
28.265,DESCEND_TO_LOW,5.00,5.0000,4.9772,0.0456,0.0369,0.37957,0.00610,-0.01653,0.00000,0,0.0229
28.280,DESCEND_TO_LOW,5.00,5.0000,4.9781,0.0439,0.0451,0.37261,-0.00086,-0.01653,0.00000,0,0.0155
28.300,DESCEND_TO_LOW,5.00,5.0000,4.9792,0.0416,0.0490,0.36832,-0.00513,-0.01655,0.00000,0,0.0201
28.325,DESCEND_TO_LOW,5.00,5.0000,4.9803,0.0395,0.0481,0.36739,-0.00602,-0.01658,0.00000,0,0.0248
28.340,DESCEND_TO_LOW,5.00,5.0000,4.9812,0.0375,0.0451,0.36809,-0.00531,-0.01660,0.00000,0,0.0151
28.361,DESCEND_TO_LOW,5.00,5.0000,4.9821,0.0357,0.0417,0.36919,-0.00419,-0.01662,0.00000,0,0.0206
28.380,DESCEND_TO_LOW,5.00,5.0000,4.9830,0.0341,0.0387,0.37016,-0.00321,-0.01663,0.00000,0,0.0195
28.401,DESCEND_TO_LOW,5.00,5.0000,4.9838,0.0324,0.0362,0.37069,-0.00267,-0.01664,0.00000,0,0.0207
28.421,DESCEND_TO_LOW,5.00,5.0000,4.9846,0.0308,0.0339,0.37118,-0.00217,-0.01665,0.00000,0,0.0198
28.440,DESCEND_TO_LOW,5.00,5.0000,4.9854,0.0292,0.0321,0.37133,-0.00201,-0.01666,0.00000,0,0.0195
28.460,DESCEND_TO_LOW,5.00,5.0000,4.9862,0.0276,0.0304,0.37138,-0.00195,-0.01667,0.00000,0,0.0199
28.480,DESCEND_TO_LOW,5.00,5.0000,4.9868,0.0263,0.0288,0.37158,-0.00174,-0.01668,0.00000,0,0.0200
28.500,DESCEND_TO_LOW,5.00,5.0000,4.9876,0.0248,0.0272,0.37162,-0.00169,-0.01668,0.00000,0,0.0200
28.521,DESCEND_TO_LOW,5.00,5.0000,4.9882,0.0235,0.0259,0.37162,-0.00169,-0.01669,0.00000,0,0.0212
28.541,DESCEND_TO_LOW,5.00,5.0000,4.9890,0.0220,0.0247,0.37135,-0.00195,-0.01670,0.00000,0,0.0193
28.560,DESCEND_TO_LOW,5.00,5.0000,4.9898,0.0205,0.0236,0.37111,-0.00218,-0.01671,0.00000,0,0.0195
28.580,DESCEND_TO_LOW,5.00,5.0000,4.9903,0.0193,0.0223,0.37118,-0.00210,-0.01672,0.00000,0,0.0199
28.600,DESCEND_TO_LOW,5.00,5.0000,4.9910,0.0179,0.0209,0.37116,-0.00211,-0.01673,0.00000,0,0.0200
28.620,DESCEND_TO_LOW,5.00,5.0000,4.9916,0.0168,0.0194,0.37141,-0.00185,-0.01674,0.00000,0,0.0203
28.640,DESCEND_TO_LOW,5.00,5.0000,4.9923,0.0154,0.0180,0.37147,-0.00179,-0.01674,0.00000,0,0.0199
28.663,DESCEND_TO_LOW,5.00,5.0000,4.9929,0.0142,0.0166,0.37159,-0.00166,-0.01675,0.00000,0,0.0226
28.680,DESCEND_TO_LOW,5.00,5.0000,4.9934,0.0133,0.0151,0.37197,-0.00127,-0.01676,0.00000,0,0.0172
28.700,DESCEND_TO_LOW,5.00,5.0000,4.9939,0.0121,0.0138,0.37206,-0.00118,-0.01676,0.00000,0,0.0200
28.725,DESCEND_TO_LOW,5.00,5.0000,4.9944,0.0112,0.0129,0.37206,-0.00118,-0.01677,0.00000,0,0.0246
28.740,DESCEND_TO_LOW,5.00,5.0000,4.9950,0.0100,0.0121,0.37174,-0.00148,-0.01677,0.00000,0,0.0154
28.760,DESCEND_TO_LOW,5.00,5.0000,4.9956,0.0089,0.0114,0.37149,-0.00173,-0.01678,0.00000,0,0.0200
28.780,DESCEND_TO_LOW,5.00,5.0000,4.9959,0.0081,0.0103,0.37170,-0.00151,-0.01679,0.00000,0,0.0200
28.800,DESCEND_TO_LOW,5.00,5.0000,4.9965,0.0071,0.0090,0.37185,-0.00136,-0.01679,0.00000,0,0.0204
28.824,DESCEND_TO_LOW,5.00,5.0000,4.9968,0.0064,0.0077,0.37225,-0.00095,-0.01680,0.00000,0,0.0233
28.844,DESCEND_TO_LOW,5.00,5.0000,4.9978,0.0044,0.0059,0.37217,-0.00103,-0.01680,0.00000,0,0.0203
28.861,DESCEND_TO_LOW,5.00,5.0000,4.9978,0.0044,0.0059,0.37216,-0.00103,-0.01681,0.00000,0,0.0167
28.884,DESCEND_TO_LOW,5.00,5.0000,4.9980,0.0039,0.0051,0.37234,-0.00085,-0.01681,0.00000,0,0.0230
28.904,DESCEND_TO_LOW,5.00,5.0000,4.9985,0.0030,0.0044,0.37225,-0.00094,-0.01681,0.00000,0,0.0203
28.923,DESCEND_TO_LOW,5.00,5.0000,4.9988,0.0025,0.0036,0.37241,-0.00078,-0.01682,0.00000,0,0.0194
28.940,DESCEND_TO_LOW,5.00,5.0000,4.9992,0.0016,0.0029,0.37229,-0.00089,-0.01682,0.00000,0,0.0167
28.961,DESCEND_TO_LOW,5.00,5.0000,4.9996,0.0008,0.0021,0.37225,-0.00093,-0.01682,0.00000,0,0.0213
28.981,DESCEND_TO_LOW,5.00,5.0000,4.9998,0.0004,0.0014,0.37252,-0.00065,-0.01683,0.00000,0,0.0196
29.000,DESCEND_TO_LOW,5.00,5.0000,5.0002,-0.0003,0.0006,0.37253,-0.00064,-0.01683,0.00000,0,0.0191
29.020,DESCEND_TO_LOW,5.00,5.0000,5.0005,-0.0011,-0.0001,0.37250,-0.00067,-0.01683,0.00000,0,0.0200
29.041,DESCEND_TO_LOW,5.00,5.0000,5.0010,-0.0020,-0.0016,0.37290,-0.00027,-0.01683,0.00000,0,0.0213
29.062,DESCEND_TO_LOW,5.00,5.0000,5.0010,-0.0020,-0.0016,0.37290,-0.00027,-0.01683,0.00000,0,0.0203
29.081,DESCEND_TO_LOW,5.00,5.0000,5.0011,-0.0023,-0.0024,0.37323,0.00007,-0.01683,0.00000,0,0.0190
29.101,DESCEND_TO_LOW,5.00,5.0000,5.0014,-0.0027,-0.0031,0.37341,0.00025,-0.01683,0.00000,0,0.0204
29.120,DESCEND_TO_LOW,5.00,5.0000,5.0016,-0.0033,-0.0032,0.37315,-0.00002,-0.01683,0.00000,0,0.0190
29.144,DESCEND_TO_LOW,5.00,5.0000,5.0017,-0.0035,-0.0033,0.37305,-0.00012,-0.01683,0.00000,0,0.0235
29.161,DESCEND_TO_LOW,5.00,5.0000,5.0020,-0.0040,-0.0036,0.37284,-0.00033,-0.01684,0.00000,0,0.0172
29.185,DESCEND_TO_LOW,5.00,5.0000,5.0023,-0.0045,-0.0040,0.37281,-0.00035,-0.01684,0.00000,0,0.0239
29.201,DESCEND_TO_LOW,5.00,5.0000,5.0023,-0.0046,-0.0046,0.37312,-0.00004,-0.01684,0.00000,0,0.0158
29.221,DESCEND_TO_LOW,5.00,5.0000,5.0025,-0.0051,-0.0052,0.37325,0.00009,-0.01684,0.00000,0,0.0204
29.245,DESCEND_TO_LOW,5.00,5.0000,5.0026,-0.0052,-0.0057,0.37346,0.00030,-0.01684,0.00000,0,0.0237
29.260,DESCEND_TO_LOW,5.00,5.0000,5.0028,-0.0057,-0.0059,0.37336,0.00019,-0.01683,0.00000,0,0.0153
29.280,DESCEND_TO_LOW,5.00,5.0000,5.0030,-0.0060,-0.0061,0.37324,0.00007,-0.01683,0.00000,0,0.0203
29.300,DESCEND_TO_LOW,5.00,5.0000,5.0030,-0.0061,-0.0063,0.37333,0.00016,-0.01683,0.00000,0,0.0197
29.320,DESCEND_TO_LOW,5.00,5.0000,5.0032,-0.0065,-0.0064,0.37314,-0.00002,-0.01683,0.00000,0,0.0201
29.340,DESCEND_TO_LOW,5.00,5.0000,5.0033,-0.0066,-0.0066,0.37320,0.00003,-0.01683,0.00000,0,0.0202
29.360,DESCEND_TO_LOW,5.00,5.0000,5.0035,-0.0070,-0.0068,0.37308,-0.00008,-0.01683,0.00000,0,0.0198
29.380,HOLD_LOW,5.00,5.0000,5.0037,-0.0073,-0.0071,0.37299,-0.00017,-0.01683,0.00000,0,0.0200
29.400,HOLD_LOW,5.00,5.0000,5.0037,-0.0073,-0.0075,0.37332,0.00016,-0.01683,0.00000,0,0.0199
29.420,HOLD_LOW,5.00,5.0000,5.0038,-0.0076,-0.0079,0.37339,0.00022,-0.01683,0.00000,0,0.0201
29.442,HOLD_LOW,5.00,5.0000,5.0038,-0.0077,-0.0083,0.37359,0.00042,-0.01683,0.00000,0,0.0215
29.462,HOLD_LOW,5.00,5.0000,5.0040,-0.0080,-0.0085,0.37356,0.00039,-0.01683,0.00000,0,0.0198
29.481,HOLD_LOW,5.00,5.0000,5.0041,-0.0082,-0.0086,0.37345,0.00028,-0.01683,0.00000,0,0.0191
29.500,HOLD_LOW,5.00,5.0000,5.0041,-0.0081,-0.0087,0.37358,0.00040,-0.01683,0.00000,0,0.0195
29.523,HOLD_LOW,5.00,5.0000,5.0042,-0.0084,-0.0088,0.37341,0.00024,-0.01683,0.00000,0,0.0233
29.544,HOLD_LOW,5.00,5.0000,5.0042,-0.0084,-0.0089,0.37348,0.00030,-0.01682,0.00000,0,0.0203
29.564,HOLD_LOW,5.00,5.0000,5.0044,-0.0087,-0.0089,0.37331,0.00013,-0.01682,0.00000,0,0.0202
29.580,HOLD_LOW,5.00,5.0000,5.0045,-0.0090,-0.0090,0.37320,0.00002,-0.01682,0.00000,0,0.0162
29.602,HOLD_LOW,5.00,5.0000,5.0044,-0.0089,-0.0092,0.37337,0.00020,-0.01682,0.00000,0,0.0222
29.624,HOLD_LOW,5.00,5.0000,5.0046,-0.0091,-0.0094,0.37336,0.00019,-0.01682,0.00000,0,0.0222
29.640,HOLD_LOW,5.00,5.0000,5.0045,-0.0091,-0.0096,0.37357,0.00039,-0.01682,0.00000,0,0.0156
29.665,HOLD_LOW,5.00,5.0000,5.0048,-0.0095,-0.0099,0.37343,0.00025,-0.01682,0.00000,0,0.0250
29.681,HOLD_LOW,5.00,5.0000,5.0048,-0.0095,-0.0099,0.37343,0.00025,-0.01682,0.00000,0,0.0158
29.700,HOLD_LOW,5.00,5.0000,5.0047,-0.0094,-0.0099,0.37358,0.00040,-0.01682,0.00000,0,0.0194
29.723,HOLD_LOW,5.00,5.0000,5.0048,-0.0096,-0.0100,0.37348,0.00030,-0.01682,0.00000,0,0.0231
29.742,HOLD_LOW,5.00,5.0000,5.0048,-0.0095,-0.0101,0.37359,0.00041,-0.01681,0.00000,0,0.0191
29.764,HOLD_LOW,5.00,5.0000,5.0049,-0.0097,-0.0101,0.37346,0.00028,-0.01681,0.00000,0,0.0222
29.782,HOLD_LOW,5.00,5.0000,5.0050,-0.0099,-0.0102,0.37338,0.00019,-0.01681,0.00000,0,0.0172
29.802,HOLD_LOW,5.00,5.0000,5.0049,-0.0098,-0.0103,0.37354,0.00034,-0.01681,0.00000,0,0.0204
29.823,HOLD_LOW,5.00,5.0000,5.0050,-0.0100,-0.0103,0.37343,0.00024,-0.01681,0.00000,0,0.0208
29.841,HOLD_LOW,5.00,5.0000,5.0051,-0.0102,-0.0103,0.37330,0.00011,-0.01681,0.00000,0,0.0181
29.861,HOLD_LOW,5.00,5.0000,5.0050,-0.0101,-0.0104,0.37347,0.00027,-0.01681,0.00000,0,0.0205
29.882,HOLD_LOW,5.00,5.0000,5.0051,-0.0102,-0.0106,0.37347,0.00027,-0.01681,0.00000,0,0.0202
29.903,HOLD_LOW,5.00,5.0000,5.0051,-0.0102,-0.0108,0.37361,0.00041,-0.01680,0.00000,0,0.0210
29.922,HOLD_LOW,5.00,5.0000,5.0051,-0.0102,-0.0108,0.37361,0.00041,-0.01680,0.00000,0,0.0190
29.944,HOLD_LOW,5.00,5.0000,5.0052,-0.0104,-0.0108,0.37352,0.00032,-0.01680,0.00000,0,0.0219
29.964,HOLD_LOW,5.00,5.0000,5.0052,-0.0103,-0.0109,0.37364,0.00044,-0.01680,0.00000,0,0.0206
29.981,HOLD_LOW,5.00,5.0000,5.0052,-0.0103,-0.0109,0.37364,0.00044,-0.01680,0.00000,0,0.0173
30.000,HOLD_LOW,5.00,5.0000,5.0051,-0.0101,-0.0110,0.37383,0.00062,-0.01679,0.00000,0,0.0186
30.024,HOLD_LOW,5.00,5.0000,5.0051,-0.0102,-0.0111,0.37380,0.00059,-0.01679,0.00000,0,0.0236
30.041,HOLD_LOW,5.00,5.0000,5.0052,-0.0104,-0.0111,0.37375,0.00054,-0.01679,0.00000,0,0.0170
30.065,HOLD_LOW,5.00,5.0000,5.0051,-0.0102,-0.0112,0.37394,0.00073,-0.01679,0.00000,0,0.0240
30.084,HOLD_LOW,5.00,5.0000,5.0051,-0.0102,-0.0112,0.37394,0.00073,-0.01678,0.00000,0,0.0193
30.100,HOLD_LOW,5.00,5.0000,5.0050,-0.0100,-0.0113,0.37416,0.00094,-0.01678,0.00000,0,0.0164
30.120,HOLD_LOW,5.00,5.0000,5.0050,-0.0100,-0.0113,0.37414,0.00091,-0.01678,0.00000,0,0.0199
30.145,HOLD_LOW,5.00,5.0000,5.0051,-0.0101,-0.0114,0.37412,0.00089,-0.01677,0.00000,0,0.0248
30.160,HOLD_LOW,5.00,5.0000,5.0049,-0.0099,-0.0115,0.37432,0.00109,-0.01677,0.00000,0,0.0154
30.182,HOLD_LOW,5.00,5.0000,5.0049,-0.0099,-0.0115,0.37436,0.00113,-0.01676,0.00000,0,0.0211
30.203,HOLD_LOW,5.00,5.0000,5.0048,-0.0097,-0.0110,0.37418,0.00094,-0.01676,0.00000,0,0.0218
30.220,HOLD_LOW,5.00,5.0000,5.0048,-0.0097,-0.0110,0.37418,0.00094,-0.01675,0.00000,0,0.0168
30.241,HOLD_LOW,5.00,5.0000,5.0049,-0.0097,-0.0109,0.37405,0.00080,-0.01675,0.00000,0,0.0205
30.261,HOLD_LOW,5.00,5.0000,5.0048,-0.0095,-0.0108,0.37416,0.00090,-0.01675,0.00000,0,0.0204
30.281,HOLD_LOW,5.00,5.0000,5.0048,-0.0095,-0.0108,0.37413,0.00088,-0.01674,0.00000,0,0.0196
30.303,HOLD_LOW,5.00,5.0000,5.0046,-0.0093,-0.0107,0.37427,0.00101,-0.01674,0.00000,0,0.0225
30.321,HOLD_LOW,5.00,5.0000,5.0047,-0.0093,-0.0107,0.37424,0.00097,-0.01674,0.00000,0,0.0176
30.340,HOLD_LOW,5.00,5.0000,5.0047,-0.0094,-0.0106,0.37414,0.00087,-0.01673,0.00000,0,0.0197
30.364,HOLD_LOW,5.00,5.0000,5.0046,-0.0092,-0.0106,0.37425,0.00097,-0.01673,0.00000,0,0.0233
30.381,HOLD_LOW,5.00,5.0000,5.0046,-0.0092,-0.0105,0.37424,0.00096,-0.01672,0.00000,0,0.0170
30.404,HOLD_LOW,5.00,5.0000,5.0045,-0.0089,-0.0105,0.37438,0.00110,-0.01672,0.00000,0,0.0232
30.420,HOLD_LOW,5.00,5.0000,5.0045,-0.0090,-0.0104,0.37433,0.00104,-0.01671,0.00000,0,0.0163
30.444,HOLD_LOW,5.00,5.0000,5.0044,-0.0088,-0.0098,0.37396,0.00067,-0.01671,0.00000,0,0.0243
30.460,HOLD_LOW,5.00,5.0000,5.0044,-0.0088,-0.0098,0.37396,0.00067,-0.01671,0.00000,0,0.0161
30.480,HOLD_LOW,5.00,5.0000,5.0044,-0.0088,-0.0097,0.37387,0.00058,-0.01671,0.00000,0,0.0197
30.500,HOLD_LOW,5.00,5.0000,5.0043,-0.0086,-0.0098,0.37409,0.00079,-0.01670,0.00000,0,0.0200
30.522,HOLD_LOW,5.00,5.0000,5.0043,-0.0087,-0.0098,0.37411,0.00081,-0.01670,0.00000,0,0.0216
30.543,HOLD_LOW,5.00,5.0000,5.0043,-0.0085,-0.0100,0.37430,0.00099,-0.01669,0.00000,0,0.0213
30.561,HOLD_LOW,5.00,5.0000,5.0043,-0.0085,-0.0100,0.37430,0.00099,-0.01669,0.00000,0,0.0178
30.580,HOLD_LOW,5.00,5.0000,5.0043,-0.0085,-0.0099,0.37427,0.00095,-0.01669,0.00000,0,0.0192
30.601,HOLD_LOW,5.00,5.0000,5.0042,-0.0083,-0.0098,0.37434,0.00102,-0.01668,0.00000,0,0.0205
30.623,HOLD_LOW,5.00,5.0000,5.0042,-0.0084,-0.0097,0.37424,0.00091,-0.01668,0.00000,0,0.0226
30.641,HOLD_LOW,5.00,5.0000,5.0042,-0.0084,-0.0096,0.37413,0.00081,-0.01667,0.00000,0,0.0175
30.664,HOLD_LOW,5.00,5.0000,5.0041,-0.0083,-0.0094,0.37415,0.00082,-0.01667,0.00000,0,0.0238
30.681,HOLD_LOW,5.00,5.0000,5.0041,-0.0083,-0.0094,0.37416,0.00082,-0.01667,0.00000,0,0.0163
30.701,HOLD_LOW,5.00,5.0000,5.0040,-0.0081,-0.0094,0.37427,0.00094,-0.01666,0.00000,0,0.0198
30.725,HOLD_LOW,5.00,5.0000,5.0041,-0.0081,-0.0094,0.37426,0.00091,-0.01666,0.00000,0,0.0240
30.742,HOLD_LOW,5.00,5.0000,5.0041,-0.0082,-0.0094,0.37418,0.00084,-0.01666,0.00000,0,0.0177
30.760,HOLD_LOW,5.00,5.0000,5.0040,-0.0080,-0.0093,0.37430,0.00095,-0.01665,0.00000,0,0.0178
30.784,HOLD_LOW,5.00,5.0000,5.0040,-0.0080,-0.0093,0.37424,0.00089,-0.01665,0.00000,0,0.0240
30.803,HOLD_LOW,5.00,5.0000,5.0039,-0.0078,-0.0091,0.37425,0.00089,-0.01664,0.00000,0,0.0184
30.823,HOLD_LOW,5.00,5.0000,5.0039,-0.0078,-0.0089,0.37407,0.00071,-0.01664,0.00000,0,0.0207
30.840,HOLD_LOW,5.00,5.0000,5.0040,-0.0079,-0.0087,0.37390,0.00054,-0.01664,0.00000,0,0.0169
30.865,HOLD_LOW,5.00,5.0000,5.0039,-0.0078,-0.0087,0.37399,0.00062,-0.01664,0.00000,0,0.0249
30.882,HOLD_LOW,5.00,5.0000,5.0039,-0.0078,-0.0087,0.37399,0.00062,-0.01663,0.00000,0,0.0170
30.904,HOLD_LOW,5.00,5.0000,5.0038,-0.0077,-0.0088,0.37413,0.00076,-0.01663,0.00000,0,0.0215
30.920,HOLD_LOW,5.00,5.0000,5.0038,-0.0077,-0.0088,0.37413,0.00076,-0.01663,0.00000,0,0.0165
30.940,HOLD_LOW,5.00,5.0000,5.0039,-0.0078,-0.0088,0.37412,0.00074,-0.01662,0.00000,0,0.0203
30.961,HOLD_LOW,5.00,5.0000,5.0038,-0.0076,-0.0089,0.37431,0.00093,-0.01662,0.00000,0,0.0205
30.981,HOLD_LOW,5.00,5.0000,5.0038,-0.0076,-0.0090,0.37434,0.00095,-0.01662,0.00000,0,0.0203
31.001,HOLD_LOW,5.00,5.0000,5.0037,-0.0074,-0.0088,0.37435,0.00096,-0.01661,0.00000,0,0.0195
31.023,HOLD_LOW,5.00,5.0000,5.0037,-0.0074,-0.0085,0.37416,0.00076,-0.01661,0.00000,0,0.0225
31.040,HOLD_LOW,5.00,5.0000,5.0037,-0.0075,-0.0083,0.37396,0.00057,-0.01661,0.00000,0,0.0171
31.065,HOLD_LOW,5.00,5.0000,5.0037,-0.0073,-0.0083,0.37405,0.00065,-0.01660,0.00000,0,0.0247
31.081,HOLD_LOW,5.00,5.0000,5.0036,-0.0073,-0.0083,0.37413,0.00073,-0.01660,0.00000,0,0.0162
31.104,HOLD_LOW,5.00,5.0000,5.0035,-0.0071,-0.0085,0.37442,0.00101,-0.01659,0.00000,0,0.0226
31.123,HOLD_LOW,5.00,5.0000,5.0035,-0.0071,-0.0084,0.37432,0.00091,-0.01659,0.00000,0,0.0191
31.140,HOLD_LOW,5.00,5.0000,5.0035,-0.0071,-0.0084,0.37432,0.00091,-0.01659,0.00000,0,0.0173
31.160,HOLD_LOW,5.00,5.0000,5.0034,-0.0069,-0.0081,0.37426,0.00085,-0.01658,0.00000,0,0.0200
31.183,HOLD_LOW,5.00,5.0000,5.0034,-0.0068,-0.0079,0.37417,0.00075,-0.01658,0.00000,0,0.0230
31.203,HOLD_LOW,5.00,5.0000,5.0033,-0.0066,-0.0078,0.37420,0.00077,-0.01658,0.00000,0,0.0196
31.223,HOLD_LOW,5.00,5.0000,5.0033,-0.0066,-0.0076,0.37412,0.00069,-0.01657,0.00000,0,0.0206
31.240,HOLD_LOW,5.00,5.0000,5.0033,-0.0066,-0.0075,0.37408,0.00065,-0.01657,0.00000,0,0.0169
31.260,HOLD_LOW,5.00,5.0000,5.0032,-0.0064,-0.0075,0.37417,0.00074,-0.01657,0.00000,0,0.0202
31.281,HOLD_LOW,5.00,5.0000,5.0032,-0.0064,-0.0075,0.37419,0.00076,-0.01657,0.00000,0,0.0208
31.300,HOLD_LOW,5.00,5.0000,5.0032,-0.0064,-0.0074,0.37418,0.00074,-0.01656,0.00000,0,0.0193
31.320,HOLD_LOW,5.00,5.0000,5.0031,-0.0062,-0.0074,0.37428,0.00084,-0.01656,0.00000,0,0.0200
31.342,HOLD_LOW,5.00,5.0000,5.0031,-0.0062,-0.0074,0.37431,0.00086,-0.01655,0.00000,0,0.0217
31.360,HOLD_LOW,5.00,5.0000,5.0030,-0.0060,-0.0074,0.37443,0.00098,-0.01655,0.00000,0,0.0180
31.384,HOLD_LOW,5.00,5.0000,5.0030,-0.0059,-0.0073,0.37440,0.00094,-0.01655,0.00000,0,0.0236
31.401,HOLD_LOW,5.00,5.0000,5.0029,-0.0059,-0.0070,0.37424,0.00079,-0.01654,0.00000,0,0.0177
31.424,HOLD_LOW,5.00,5.0000,5.0029,-0.0057,-0.0068,0.37419,0.00073,-0.01654,0.00000,0,0.0226
31.440,HOLD_LOW,5.00,5.0000,5.0029,-0.0057,-0.0066,0.37410,0.00063,-0.01654,0.00000,0,0.0162
31.460,HOLD_LOW,5.00,5.0000,5.0028,-0.0056,-0.0065,0.37408,0.00061,-0.01653,0.00000,0,0.0203
31.480,HOLD_LOW,5.00,5.0000,5.0028,-0.0055,-0.0064,0.37407,0.00061,-0.01653,0.00000,0,0.0197
31.504,HOLD_LOW,5.00,5.0000,5.0027,-0.0054,-0.0064,0.37420,0.00073,-0.01653,0.00000,0,0.0238
31.521,HOLD_LOW,5.00,5.0000,5.0027,-0.0054,-0.0064,0.37421,0.00073,-0.01653,0.00000,0,0.0167
31.542,HOLD_LOW,5.00,5.0000,5.0027,-0.0054,-0.0064,0.37421,0.00074,-0.01652,0.00000,0,0.0210
31.560,HOLD_LOW,5.00,5.0000,5.0026,-0.0052,-0.0064,0.37430,0.00082,-0.01652,0.00000,0,0.0186
31.580,HOLD_LOW,5.00,5.0000,5.0026,-0.0052,-0.0063,0.37430,0.00081,-0.01652,0.00000,0,0.0199
31.600,HOLD_LOW,5.00,5.0000,5.0026,-0.0051,-0.0062,0.37426,0.00077,-0.01651,0.00000,0,0.0202
31.620,HOLD_LOW,5.00,5.0000,5.0025,-0.0050,-0.0061,0.37423,0.00074,-0.01651,0.00000,0,0.0200
31.640,HOLD_LOW,5.00,5.0000,5.0025,-0.0050,-0.0059,0.37412,0.00063,-0.01651,0.00000,0,0.0198
31.664,HOLD_LOW,5.00,5.0000,5.0024,-0.0049,-0.0058,0.37412,0.00062,-0.01650,0.00000,0,0.0241
31.681,HOLD_LOW,5.00,5.0000,5.0024,-0.0048,-0.0056,0.37406,0.00056,-0.01650,0.00000,0,0.0171
31.702,HOLD_LOW,5.00,5.0000,5.0024,-0.0048,-0.0055,0.37398,0.00048,-0.01650,0.00000,0,0.0209
31.720,HOLD_LOW,5.00,5.0000,5.0024,-0.0048,-0.0056,0.37406,0.00056,-0.01650,0.00000,0,0.0179
31.741,HOLD_LOW,5.00,5.0000,5.0024,-0.0048,-0.0056,0.37408,0.00057,-0.01649,0.00000,0,0.0205
31.761,HOLD_LOW,5.00,5.0000,5.0023,-0.0046,-0.0056,0.37419,0.00069,-0.01649,0.00000,0,0.0202
31.785,HOLD_LOW,5.00,5.0000,5.0023,-0.0046,-0.0056,0.37425,0.00073,-0.01649,0.00000,0,0.0241
31.801,HOLD_LOW,5.00,5.0000,5.0023,-0.0046,-0.0056,0.37425,0.00073,-0.01649,0.00000,0,0.0159
31.820,HOLD_LOW,5.00,5.0000,5.0022,-0.0045,-0.0056,0.37427,0.00076,-0.01648,0.00000,0,0.0194
31.844,HOLD_LOW,5.00,5.0000,5.0022,-0.0044,-0.0055,0.37430,0.00078,-0.01648,0.00000,0,0.0234
31.860,HOLD_LOW,5.00,5.0000,5.0022,-0.0044,-0.0055,0.37430,0.00078,-0.01648,0.00000,0,0.0164
31.882,HOLD_LOW,5.00,5.0000,5.0022,-0.0044,-0.0054,0.37427,0.00074,-0.01647,0.00000,0,0.0218
31.900,HOLD_LOW,5.00,5.0000,5.0022,-0.0044,-0.0053,0.37420,0.00066,-0.01647,0.00000,0,0.0185
31.923,HOLD_LOW,5.00,5.0000,5.0021,-0.0043,-0.0052,0.37418,0.00064,-0.01647,0.00000,0,0.0230
31.941,HOLD_LOW,5.00,5.0000,5.0022,-0.0043,-0.0051,0.37410,0.00057,-0.01646,0.00000,0,0.0180
31.964,HOLD_LOW,5.00,5.0000,5.0021,-0.0042,-0.0050,0.37411,0.00057,-0.01646,0.00000,0,0.0223
31.984,HOLD_LOW,5.00,5.0000,5.0021,-0.0042,-0.0050,0.37409,0.00055,-0.01646,0.00000,0,0.0204
32.002,HOLD_LOW,5.00,5.0000,5.0021,-0.0042,-0.0050,0.37408,0.00054,-0.01646,0.00000,0,0.0179
32.023,HOLD_LOW,5.00,5.0000,5.0021,-0.0042,-0.0050,0.37414,0.00060,-0.01645,0.00000,0,0.0209
32.044,HOLD_LOW,5.00,5.0000,5.0020,-0.0041,-0.0051,0.37425,0.00070,-0.01645,0.00000,0,0.0213
32.063,HOLD_LOW,5.00,5.0000,5.0020,-0.0041,-0.0051,0.37425,0.00070,-0.01645,0.00000,0,0.0192
32.084,HOLD_LOW,5.00,5.0000,5.0020,-0.0041,-0.0051,0.37427,0.00071,-0.01644,0.00000,0,0.0208
32.100,HOLD_LOW,5.00,5.0000,5.0020,-0.0041,-0.0051,0.37424,0.00068,-0.01644,0.00000,0,0.0160
32.123,HOLD_LOW,5.00,5.0000,5.0020,-0.0040,-0.0050,0.37429,0.00073,-0.01644,0.00000,0,0.0226
32.144,HOLD_LOW,5.00,5.0000,5.0020,-0.0040,-0.0050,0.37427,0.00070,-0.01644,0.00000,0,0.0213
32.160,HOLD_LOW,5.00,5.0000,5.0020,-0.0039,-0.0049,0.37427,0.00071,-0.01643,0.00000,0,0.0161
32.183,HOLD_LOW,5.00,5.0000,5.0020,-0.0039,-0.0048,0.37420,0.00063,-0.01643,0.00000,0,0.0224
32.200,HOLD_LOW,5.00,5.0000,5.0020,-0.0039,-0.0047,0.37409,0.00051,-0.01643,0.00000,0,0.0177
32.220,HOLD_LOW,5.00,5.0000,5.0019,-0.0038,-0.0046,0.37408,0.00050,-0.01643,0.00000,0,0.0199
32.242,HOLD_LOW,5.00,5.0000,5.0019,-0.0038,-0.0045,0.37406,0.00048,-0.01642,0.00000,0,0.0213
32.261,HOLD_LOW,5.00,5.0000,5.0019,-0.0038,-0.0045,0.37413,0.00055,-0.01642,0.00000,0,0.0193
32.280,HOLD_LOW,5.00,5.0000,5.0019,-0.0037,-0.0045,0.37414,0.00056,-0.01642,0.00000,0,0.0191
32.300,HOLD_LOW,5.00,5.0000,5.0019,-0.0037,-0.0045,0.37416,0.00057,-0.01642,0.00000,0,0.0200
32.320,HOLD_LOW,5.00,5.0000,5.0018,-0.0036,-0.0045,0.37421,0.00063,-0.01641,0.00000,0,0.0204
32.340,HOLD_LOW,5.00,5.0000,5.0018,-0.0036,-0.0045,0.37425,0.00066,-0.01641,0.00000,0,0.0200
32.365,HOLD_LOW,5.00,5.0000,5.0017,-0.0035,-0.0045,0.37431,0.00072,-0.01641,0.00000,0,0.0244
32.380,HOLD_LOW,5.00,5.0000,5.0017,-0.0034,-0.0045,0.37432,0.00073,-0.01641,0.00000,0,0.0155
32.401,HOLD_LOW,5.00,5.0000,5.0017,-0.0034,-0.0044,0.37432,0.00072,-0.01640,0.00000,0,0.0208
32.420,HOLD_LOW,5.00,5.0000,5.0016,-0.0033,-0.0044,0.37438,0.00078,-0.01640,0.00000,0,0.0189
32.442,HOLD_LOW,5.00,5.0000,5.0016,-0.0032,-0.0043,0.37438,0.00077,-0.01640,0.00000,0,0.0216
32.461,HOLD_LOW,5.00,5.0000,5.0016,-0.0031,-0.0043,0.37443,0.00082,-0.01639,0.00000,0,0.0193
32.480,HOLD_LOW,5.00,5.0000,5.0015,-0.0031,-0.0041,0.37432,0.00071,-0.01639,0.00000,0,0.0191
32.500,HOLD_LOW,5.00,5.0000,5.0015,-0.0030,-0.0038,0.37418,0.00056,-0.01639,0.00000,0,0.0203
32.522,HOLD_LOW,5.00,5.0000,5.0015,-0.0030,-0.0037,0.37411,0.00049,-0.01638,0.00000,0,0.0217
32.545,HOLD_LOW,5.00,5.0000,5.0015,-0.0029,-0.0035,0.37404,0.00042,-0.01638,0.00000,0,0.0226
32.561,HOLD_LOW,5.00,5.0000,5.0014,-0.0028,-0.0035,0.37409,0.00047,-0.01638,0.00000,0,0.0168
32.580,HOLD_LOW,5.00,5.0000,5.0014,-0.0028,-0.0036,0.37417,0.00054,-0.01638,0.00000,0,0.0187
32.602,HOLD_LOW,5.00,5.0000,5.0014,-0.0028,-0.0037,0.37428,0.00066,-0.01638,0.00000,0,0.0224
32.622,HOLD_LOW,5.00,5.0000,5.0013,-0.0027,-0.0038,0.37444,0.00081,-0.01637,0.00000,0,0.0198
32.644,HOLD_LOW,5.00,5.0000,5.0013,-0.0025,-0.0037,0.37444,0.00081,-0.01637,0.00000,0,0.0223
32.660,HOLD_LOW,5.00,5.0000,5.0013,-0.0025,-0.0037,0.37444,0.00081,-0.01637,0.00000,0,0.0156
32.681,HOLD_LOW,5.00,5.0000,5.0012,-0.0025,-0.0034,0.37429,0.00066,-0.01636,0.00000,0,0.0211
32.703,HOLD_LOW,5.00,5.0000,5.0012,-0.0024,-0.0030,0.37407,0.00043,-0.01636,0.00000,0,0.0223
32.720,HOLD_LOW,5.00,5.0000,5.0012,-0.0024,-0.0030,0.37407,0.00043,-0.01636,0.00000,0,0.0170
32.740,HOLD_LOW,5.00,5.0000,5.0012,-0.0024,-0.0029,0.37403,0.00039,-0.01636,0.00000,0,0.0201
32.762,HOLD_LOW,5.00,5.0000,5.0011,-0.0023,-0.0030,0.37417,0.00053,-0.01635,0.00000,0,0.0218
32.780,HOLD_LOW,5.00,5.0000,5.0011,-0.0023,-0.0030,0.37418,0.00053,-0.01635,0.00000,0,0.0178
32.800,HOLD_LOW,5.00,5.0000,5.0011,-0.0023,-0.0032,0.37429,0.00064,-0.01635,0.00000,0,0.0200
32.820,HOLD_LOW,5.00,5.0000,5.0011,-0.0022,-0.0033,0.37443,0.00078,-0.01635,0.00000,0,0.0202
32.840,HOLD_LOW,5.00,5.0000,5.0011,-0.0022,-0.0033,0.37442,0.00076,-0.01634,0.00000,0,0.0198
32.861,HOLD_LOW,5.00,5.0000,5.0011,-0.0021,-0.0030,0.37428,0.00062,-0.01634,0.00000,0,0.0207
32.880,HOLD_LOW,5.00,5.0000,5.0010,-0.0021,-0.0028,0.37414,0.00048,-0.01634,0.00000,0,0.0197
32.900,HOLD_LOW,5.00,5.0000,5.0010,-0.0021,-0.0026,0.37403,0.00036,-0.01634,0.00000,0,0.0195
32.922,HOLD_LOW,5.00,5.0000,5.0010,-0.0020,-0.0026,0.37404,0.00038,-0.01633,0.00000,0,0.0222
32.940,HOLD_LOW,5.00,5.0000,5.0010,-0.0021,-0.0026,0.37404,0.00037,-0.01633,0.00000,0,0.0180
32.962,HOLD_LOW,5.00,5.0000,5.0010,-0.0020,-0.0027,0.37414,0.00047,-0.01633,0.00000,0,0.0217
32.980,HOLD_LOW,5.00,5.0000,5.0010,-0.0020,-0.0027,0.37420,0.00052,-0.01633,0.00000,0,0.0183
33.005,HOLD_LOW,5.00,5.0000,5.0010,-0.0020,-0.0028,0.37422,0.00055,-0.01633,0.00000,0,0.0247
33.023,HOLD_LOW,5.00,5.0000,5.0010,-0.0019,-0.0028,0.37426,0.00059,-0.01632,0.00000,0,0.0177
33.042,HOLD_LOW,5.00,5.0000,5.0010,-0.0019,-0.0028,0.37426,0.00058,-0.01632,0.00000,0,0.0198
33.061,HOLD_LOW,5.00,5.0000,5.0009,-0.0019,-0.0028,0.37432,0.00064,-0.01632,0.00000,0,0.0183
33.081,HOLD_LOW,5.00,5.0000,5.0009,-0.0019,-0.0028,0.37435,0.00067,-0.01632,0.00000,0,0.0207
33.100,HOLD_LOW,5.00,5.0000,5.0009,-0.0019,-0.0027,0.37425,0.00057,-0.01631,0.00000,0,0.0190
33.120,HOLD_LOW,5.00,5.0000,5.0009,-0.0018,-0.0025,0.37415,0.00046,-0.01631,0.00000,0,0.0197
33.145,HOLD_LOW,5.00,5.0000,5.0009,-0.0019,-0.0024,0.37405,0.00036,-0.01631,0.00000,0,0.0250
33.160,HOLD_LOW,5.00,5.0000,5.0009,-0.0018,-0.0024,0.37407,0.00038,-0.01631,0.00000,0,0.0155
33.180,HOLD_LOW,5.00,5.0000,5.0009,-0.0018,-0.0024,0.37413,0.00044,-0.01631,0.00000,0,0.0196
33.201,HOLD_LOW,5.00,5.0000,5.0009,-0.0018,-0.0025,0.37417,0.00047,-0.01630,0.00000,0,0.0206
33.224,HOLD_LOW,5.00,5.0000,5.0009,-0.0018,-0.0025,0.37423,0.00054,-0.01630,0.00000,0,0.0230
33.244,HOLD_LOW,5.00,5.0000,5.0009,-0.0018,-0.0026,0.37426,0.00056,-0.01630,0.00000,0,0.0203
33.262,HOLD_LOW,5.00,5.0000,5.0009,-0.0018,-0.0026,0.37426,0.00056,-0.01630,0.00000,0,0.0179
33.280,HOLD_LOW,5.00,5.0000,5.0009,-0.0017,-0.0026,0.37430,0.00059,-0.01630,0.00000,0,0.0183
33.300,HOLD_LOW,5.00,5.0000,5.0009,-0.0017,-0.0026,0.37428,0.00058,-0.01629,0.00000,0,0.0199
33.320,HOLD_LOW,5.00,5.0000,5.0009,-0.0017,-0.0025,0.37425,0.00054,-0.01629,0.00000,0,0.0203
33.345,HOLD_LOW,5.00,5.0000,5.0009,-0.0017,-0.0023,0.37409,0.00038,-0.01629,0.00000,0,0.0245
33.362,HOLD_LOW,5.00,5.0000,5.0009,-0.0017,-0.0023,0.37409,0.00038,-0.01629,0.00000,0,0.0175
33.380,HOLD_LOW,5.00,5.0000,5.0008,-0.0017,-0.0022,0.37407,0.00036,-0.01629,0.00000,0,0.0179
33.403,HOLD_LOW,5.00,5.0000,5.0008,-0.0017,-0.0022,0.37408,0.00037,-0.01628,0.00000,0,0.0229
33.421,HOLD_LOW,5.00,5.0000,5.0009,-0.0017,-0.0023,0.37411,0.00040,-0.01628,0.00000,0,0.0183
33.440,HOLD_LOW,5.00,5.0000,5.0008,-0.0017,-0.0023,0.37419,0.00047,-0.01628,0.00000,0,0.0185
33.461,HOLD_LOW,5.00,5.0000,5.0008,-0.0017,-0.0024,0.37421,0.00048,-0.01628,0.00000,0,0.0209
33.481,HOLD_LOW,5.00,5.0000,5.0008,-0.0016,-0.0024,0.37428,0.00056,-0.01628,0.00000,0,0.0198
33.501,HOLD_LOW,5.00,5.0000,5.0008,-0.0016,-0.0024,0.37429,0.00056,-0.01627,0.00000,0,0.0204
33.522,HOLD_LOW,5.00,5.0000,5.0008,-0.0016,-0.0024,0.37428,0.00055,-0.01627,0.00000,0,0.0209
33.543,HOLD_LOW,5.00,5.0000,5.0008,-0.0016,-0.0024,0.37428,0.00055,-0.01627,0.00000,0,0.0209
33.564,HOLD_LOW,5.00,5.0000,5.0008,-0.0016,-0.0023,0.37428,0.00054,-0.01627,0.00000,0,0.0209
33.580,HOLD_LOW,5.00,5.0000,5.0008,-0.0015,-0.0023,0.37426,0.00053,-0.01626,0.00000,0,0.0165
33.600,HOLD_LOW,5.00,5.0000,5.0008,-0.0015,-0.0021,0.37419,0.00045,-0.01626,0.00000,0,0.0197
33.622,HOLD_LOW,5.00,5.0000,5.0008,-0.0015,-0.0020,0.37408,0.00034,-0.01626,0.00000,0,0.0224
33.644,HOLD_LOW,5.00,5.0000,5.0007,-0.0015,-0.0019,0.37402,0.00028,-0.01626,0.00000,0,0.0221
33.661,HOLD_LOW,5.00,5.0000,5.0008,-0.0015,-0.0019,0.37398,0.00023,-0.01626,0.00000,0,0.0165
33.685,HOLD_LOW,5.00,5.0000,5.0008,-0.0015,-0.0019,0.37405,0.00031,-0.01626,0.00000,0,0.0239
33.700,HOLD_LOW,5.00,5.0000,5.0008,-0.0015,-0.0020,0.37410,0.00035,-0.01626,0.00000,0,0.0153
33.723,HOLD_LOW,5.00,5.0000,5.0008,-0.0015,-0.0021,0.37417,0.00042,-0.01625,0.00000,0,0.0230
33.741,HOLD_LOW,5.00,5.0000,5.0007,-0.0015,-0.0023,0.37429,0.00054,-0.01625,0.00000,0,0.0183
33.760,HOLD_LOW,5.00,5.0000,5.0007,-0.0015,-0.0024,0.37438,0.00063,-0.01625,0.00000,0,0.0186
33.780,HOLD_LOW,5.00,5.0000,5.0007,-0.0014,-0.0024,0.37446,0.00071,-0.01625,0.00000,0,0.0200
33.800,HOLD_LOW,5.00,5.0000,5.0007,-0.0014,-0.0023,0.37439,0.00063,-0.01624,0.00000,0,0.0201
33.821,HOLD_LOW,5.00,5.0000,5.0007,-0.0014,-0.0021,0.37423,0.00047,-0.01624,0.00000,0,0.0206
33.840,HOLD_LOW,5.00,5.0000,5.0007,-0.0014,-0.0019,0.37411,0.00035,-0.01624,0.00000,0,0.0193
33.860,HOLD_LOW,5.00,5.0000,5.0007,-0.0014,-0.0017,0.37398,0.00022,-0.01624,0.00000,0,0.0202
33.880,HOLD_LOW,5.00,5.0000,5.0007,-0.0014,-0.0017,0.37394,0.00018,-0.01624,0.00000,0,0.0198
33.902,HOLD_LOW,5.00,5.0000,5.0007,-0.0014,-0.0018,0.37403,0.00027,-0.01624,0.00000,0,0.0219
33.924,HOLD_LOW,5.00,5.0000,5.0007,-0.0015,-0.0020,0.37412,0.00035,-0.01624,0.00000,0,0.0220
33.940,HOLD_LOW,5.00,5.0000,5.0007,-0.0014,-0.0021,0.37421,0.00044,-0.01623,0.00000,0,0.0165
33.961,HOLD_LOW,5.00,5.0000,5.0007,-0.0014,-0.0022,0.37429,0.00052,-0.01623,0.00000,0,0.0204
33.985,HOLD_LOW,5.00,5.0000,5.0007,-0.0014,-0.0023,0.37444,0.00067,-0.01623,0.00000,0,0.0239
34.000,HOLD_LOW,5.00,5.0000,5.0007,-0.0014,-0.0023,0.37444,0.00067,-0.01623,0.00000,0,0.0155
34.020,HOLD_LOW,5.00,5.0000,5.0007,-0.0014,-0.0021,0.37427,0.00050,-0.01622,0.00000,0,0.0197
34.043,HOLD_LOW,5.00,5.0000,5.0007,-0.0014,-0.0019,0.37414,0.00036,-0.01622,0.00000,0,0.0230
34.064,HOLD_LOW,5.00,5.0000,5.0007,-0.0014,-0.0018,0.37402,0.00025,-0.01622,0.00000,0,0.0208
34.080,HOLD_LOW,5.00,5.0000,5.0007,-0.0014,-0.0018,0.37401,0.00023,-0.01622,0.00000,0,0.0167
34.104,HOLD_LOW,5.00,5.0000,5.0007,-0.0014,-0.0018,0.37408,0.00030,-0.01622,0.00000,0,0.0237
34.121,HOLD_LOW,5.00,5.0000,5.0007,-0.0014,-0.0019,0.37414,0.00036,-0.01622,0.00000,0,0.0171
34.142,HOLD_LOW,5.00,5.0000,5.0007,-0.0014,-0.0021,0.37426,0.00047,-0.01622,0.00000,0,0.0208
34.160,HOLD_LOW,5.00,5.0000,5.0007,-0.0014,-0.0022,0.37432,0.00053,-0.01621,0.00000,0,0.0183
34.181,HOLD_LOW,5.00,5.0000,5.0007,-0.0014,-0.0023,0.37438,0.00059,-0.01621,0.00000,0,0.0208
34.205,HOLD_LOW,5.00,5.0000,5.0007,-0.0014,-0.0023,0.37445,0.00065,-0.01621,0.00000,0,0.0235
34.220,HOLD_LOW,5.00,5.0000,5.0007,-0.0014,-0.0022,0.37435,0.00055,-0.01621,0.00000,0,0.0154
34.243,HOLD_LOW,5.00,5.0000,5.0007,-0.0014,-0.0020,0.37422,0.00043,-0.01620,0.00000,0,0.0225
34.260,HOLD_LOW,5.00,5.0000,5.0007,-0.0014,-0.0018,0.37409,0.00029,-0.01620,0.00000,0,0.0175
34.283,HOLD_LOW,5.00,5.0000,5.0007,-0.0014,-0.0016,0.37400,0.00020,-0.01620,0.00000,0,0.0233
34.302,HOLD_LOW,5.00,5.0000,5.0007,-0.0013,-0.0016,0.37399,0.00019,-0.01620,0.00000,0,0.0191
34.323,HOLD_LOW,5.00,5.0000,5.0007,-0.0013,-0.0018,0.37411,0.00031,-0.01620,0.00000,0,0.0205
34.344,HOLD_LOW,5.00,5.0000,5.0006,-0.0013,-0.0019,0.37423,0.00043,-0.01620,0.00000,0,0.0212
34.363,HOLD_LOW,5.00,5.0000,5.0006,-0.0012,-0.0020,0.37435,0.00054,-0.01619,0.00000,0,0.0192
34.384,HOLD_LOW,5.00,5.0000,5.0006,-0.0012,-0.0021,0.37445,0.00064,-0.01619,0.00000,0,0.0208
34.432,HOLD_LOW,5.00,5.0000,5.0006,-0.0012,-0.0021,0.37445,0.00064,-0.01619,0.00000,0,0.0482
34.433,HOLD_LOW,5.00,5.0000,5.0006,-0.0012,-0.0021,0.37445,0.00064,-0.01619,0.00000,0,0.0007
34.458,HOLD_LOW,5.00,5.0000,5.0005,-0.0010,-0.0015,0.37413,0.00032,-0.01618,0.00000,0,0.0251
34.473,HOLD_LOW,5.00,5.0000,5.0005,-0.0010,-0.0013,0.37402,0.00020,-0.01618,0.00000,0,0.0149
34.494,HOLD_LOW,5.00,5.0000,5.0005,-0.0009,-0.0012,0.37403,0.00022,-0.01618,0.00000,0,0.0209
34.513,HOLD_LOW,5.00,5.0000,5.0005,-0.0009,-0.0013,0.37412,0.00030,-0.01618,0.00000,0,0.0191
34.534,HOLD_LOW,5.00,5.0000,5.0004,-0.0009,-0.0014,0.37417,0.00035,-0.01618,0.00000,0,0.0205
34.554,HOLD_LOW,5.00,5.0000,5.0004,-0.0008,-0.0014,0.37421,0.00039,-0.01618,0.00000,0,0.0204
34.578,HOLD_LOW,5.00,5.0000,5.0004,-0.0008,-0.0014,0.37425,0.00043,-0.01618,0.00000,0,0.0239
34.593,HOLD_LOW,5.00,5.0000,5.0004,-0.0007,-0.0014,0.37429,0.00047,-0.01617,0.00000,0,0.0154
34.614,HOLD_LOW,5.00,5.0000,5.0003,-0.0007,-0.0013,0.37428,0.00045,-0.01617,0.00000,0,0.0212
34.634,HOLD_LOW,5.00,5.0000,5.0003,-0.0006,-0.0012,0.37419,0.00037,-0.01617,0.00000,0,0.0193
34.656,HOLD_LOW,5.00,5.0000,5.0003,-0.0006,-0.0010,0.37414,0.00031,-0.01617,0.00000,0,0.0225
34.674,HOLD_LOW,5.00,5.0000,5.0003,-0.0006,-0.0010,0.37413,0.00030,-0.01617,0.00000,0,0.0177
34.694,HOLD_LOW,5.00,5.0000,5.0003,-0.0005,-0.0010,0.37419,0.00035,-0.01617,0.00000,0,0.0199
34.715,HOLD_LOW,5.00,5.0000,5.0002,-0.0005,-0.0011,0.37427,0.00043,-0.01616,0.00000,0,0.0209
34.738,HOLD_LOW,5.00,5.0000,5.0002,-0.0004,-0.0011,0.37432,0.00048,-0.01616,0.00000,0,0.0229
34.754,HOLD_LOW,5.00,5.0000,5.0002,-0.0004,-0.0011,0.37436,0.00052,-0.01616,0.00000,0,0.0159
34.777,HOLD_LOW,5.00,5.0000,5.0002,-0.0003,-0.0011,0.37441,0.00057,-0.01616,0.00000,0,0.0239
34.797,HOLD_LOW,5.00,5.0000,5.0001,-0.0003,-0.0010,0.37438,0.00054,-0.01615,0.00000,0,0.0192
34.815,HOLD_LOW,5.00,5.0000,5.0001,-0.0002,-0.0008,0.37427,0.00043,-0.01615,0.00000,0,0.0184
34.836,HOLD_LOW,5.00,5.0000,5.0001,-0.0002,-0.0007,0.37417,0.00032,-0.01615,0.00000,0,0.0214
34.856,HOLD_LOW,5.00,5.0000,5.0001,-0.0002,-0.0006,0.37411,0.00026,-0.01615,0.00000,0,0.0193
34.876,HOLD_LOW,5.00,5.0000,5.0001,-0.0002,-0.0004,0.37405,0.00019,-0.01615,0.00000,0,0.0206
34.893,HOLD_LOW,5.00,5.0000,5.0001,-0.0001,-0.0004,0.37406,0.00021,-0.01615,0.00000,0,0.0169
34.913,HOLD_LOW,5.00,5.0000,5.0001,-0.0001,-0.0005,0.37411,0.00026,-0.01615,0.00000,0,0.0200
34.934,HOLD_LOW,5.00,5.0000,5.0000,-0.0001,-0.0005,0.37415,0.00029,-0.01615,0.00000,0,0.0203
34.956,HOLD_LOW,5.00,5.0000,5.0000,-0.0001,-0.0005,0.37419,0.00033,-0.01615,0.00000,0,0.0226
34.973,HOLD_LOW,5.00,5.0000,5.0000,-0.0000,-0.0006,0.37424,0.00038,-0.01614,0.00000,0,0.0172
34.998,HOLD_LOW,5.00,5.0000,5.0000,-0.0000,-0.0006,0.37426,0.00040,-0.01614,0.00000,0,0.0244
35.014,HOLD_LOW,5.00,5.0000,5.0000,0.0000,-0.0006,0.37428,0.00042,-0.01614,0.00000,0,0.0164
35.038,HOLD_LOW,5.00,5.0000,5.0000,0.0000,-0.0006,0.37429,0.00043,-0.01614,0.00000,0,0.0236
35.053,HOLD_LOW,5.00,5.0000,5.0000,0.0001,-0.0006,0.37431,0.00044,-0.01614,0.00000,0,0.0156
35.074,HOLD_LOW,5.00,5.0000,5.0000,0.0001,-0.0006,0.37432,0.00045,-0.01613,0.00000,0,0.0209
35.098,HOLD_LOW,5.00,5.0000,4.9999,0.0001,-0.0005,0.37432,0.00045,-0.01613,0.00000,0,0.0234
35.114,HOLD_LOW,5.00,5.0000,4.9999,0.0001,-0.0004,0.37423,0.00037,-0.01613,0.00000,0,0.0162
35.137,HOLD_LOW,5.00,5.0000,4.9999,0.0002,-0.0002,0.37415,0.00028,-0.01613,0.00000,0,0.0229
35.153,HOLD_LOW,5.00,5.0000,4.9999,0.0002,-0.0001,0.37409,0.00021,-0.01613,0.00000,0,0.0163
35.174,HOLD_LOW,5.00,5.0000,4.9999,0.0002,-0.0001,0.37405,0.00018,-0.01613,0.00000,0,0.0207
35.193,HOLD_LOW,5.00,5.0000,4.9999,0.0002,-0.0001,0.37411,0.00024,-0.01613,0.00000,0,0.0195
35.213,HOLD_LOW,5.00,5.0000,4.9999,0.0002,-0.0002,0.37415,0.00028,-0.01613,0.00000,0,0.0201
35.233,HOLD_LOW,5.00,5.0000,4.9999,0.0002,-0.0002,0.37418,0.00031,-0.01612,0.00000,0,0.0199
35.253,HOLD_LOW,5.00,5.0000,4.9999,0.0002,-0.0002,0.37421,0.00033,-0.01612,0.00000,0,0.0200
35.278,HOLD_LOW,5.00,5.0000,4.9999,0.0002,-0.0003,0.37423,0.00035,-0.01612,0.00000,0,0.0248
35.294,HOLD_LOW,5.00,5.0000,4.9999,0.0003,-0.0003,0.37424,0.00036,-0.01612,0.00000,0,0.0159
35.315,HOLD_LOW,5.00,5.0000,4.9999,0.0003,-0.0003,0.37427,0.00039,-0.01612,0.00000,0,0.0208
35.333,HOLD_LOW,5.00,5.0000,4.9999,0.0003,-0.0003,0.37430,0.00042,-0.01612,0.00000,0,0.0186
35.357,HOLD_LOW,5.00,5.0000,4.9998,0.0003,-0.0003,0.37431,0.00042,-0.01611,0.00000,0,0.0239
35.375,HOLD_LOW,5.00,5.0000,4.9998,0.0003,-0.0002,0.37427,0.00039,-0.01611,0.00000,0,0.0175
35.397,HOLD_LOW,5.00,5.0000,4.9998,0.0004,-0.0001,0.37418,0.00029,-0.01611,0.00000,0,0.0225
35.414,HOLD_LOW,5.00,5.0000,4.9998,0.0004,0.0000,0.37413,0.00024,-0.01611,0.00000,0,0.0166
35.435,HOLD_LOW,5.00,5.0000,4.9998,0.0004,0.0000,0.37412,0.00023,-0.01611,0.00000,0,0.0211
35.456,HOLD_LOW,5.00,5.0000,4.9998,0.0004,0.0000,0.37413,0.00023,-0.01611,0.00000,0,0.0214
35.475,HOLD_LOW,5.00,5.0000,4.9998,0.0004,0.0000,0.37415,0.00025,-0.01611,0.00000,0,0.0184
35.495,HOLD_LOW,5.00,5.0000,4.9998,0.0004,-0.0000,0.37418,0.00029,-0.01611,0.00000,0,0.0205
35.513,HOLD_LOW,5.00,5.0000,4.9998,0.0004,-0.0001,0.37422,0.00032,-0.01611,0.00000,0,0.0180
35.533,HOLD_LOW,5.00,5.0000,4.9998,0.0004,-0.0001,0.37424,0.00034,-0.01610,0.00000,0,0.0201
35.553,HOLD_LOW,5.00,5.0000,4.9998,0.0004,-0.0001,0.37426,0.00036,-0.01610,0.00000,0,0.0203
35.573,HOLD_LOW,5.00,5.0000,4.9998,0.0005,-0.0001,0.37426,0.00036,-0.01610,0.00000,0,0.0198
35.594,HOLD_LOW,5.00,5.0000,4.9998,0.0005,-0.0000,0.37426,0.00036,-0.01610,0.00000,0,0.0207
35.615,HOLD_LOW,5.00,5.0000,4.9998,0.0005,-0.0000,0.37427,0.00037,-0.01610,0.00000,0,0.0206
35.636,HOLD_LOW,5.00,5.0000,4.9998,0.0005,-0.0001,0.37428,0.00038,-0.01610,0.00000,0,0.0211
35.656,HOLD_LOW,5.00,5.0000,4.9998,0.0005,-0.0001,0.37431,0.00040,-0.01609,0.00000,0,0.0206
35.673,HOLD_LOW,5.00,5.0000,4.9997,0.0005,-0.0001,0.37432,0.00041,-0.01609,0.00000,0,0.0171
35.693,HOLD_LOW,5.00,5.0000,4.9997,0.0005,-0.0001,0.37431,0.00040,-0.01609,0.00000,0,0.0198
35.713,HOLD_LOW,5.00,5.0000,4.9997,0.0005,0.0001,0.37422,0.00031,-0.01609,0.00000,0,0.0203
35.733,HOLD_LOW,5.00,5.0000,4.9997,0.0005,0.0002,0.37415,0.00024,-0.01609,0.00000,0,0.0201
35.753,HOLD_LOW,5.00,5.0000,4.9997,0.0005,0.0003,0.37407,0.00016,-0.01609,0.00000,0,0.0197
35.777,HOLD_LOW,5.00,5.0000,4.9997,0.0006,0.0003,0.37410,0.00019,-0.01609,0.00000,0,0.0235
35.794,HOLD_LOW,5.00,5.0000,4.9997,0.0006,0.0002,0.37413,0.00022,-0.01609,0.00000,0,0.0177
35.816,HOLD_LOW,5.00,5.0000,4.9997,0.0006,0.0002,0.37419,0.00028,-0.01608,0.00000,0,0.0218
35.833,HOLD_LOW,5.00,5.0000,4.9997,0.0006,0.0001,0.37421,0.00030,-0.01608,0.00000,0,0.0172
35.854,HOLD_LOW,5.00,5.0000,4.9997,0.0006,0.0001,0.37421,0.00029,-0.01608,0.00000,0,0.0210
35.875,HOLD_LOW,5.00,5.0000,4.9997,0.0006,0.0001,0.37423,0.00031,-0.01608,0.00000,0,0.0206
35.894,HOLD_LOW,5.00,5.0000,4.9997,0.0006,0.0001,0.37422,0.00030,-0.01608,0.00000,0,0.0187
35.915,HOLD_LOW,5.00,5.0000,4.9997,0.0006,0.0001,0.37425,0.00032,-0.01608,0.00000,0,0.0212
35.936,HOLD_LOW,5.00,5.0000,4.9997,0.0006,0.0001,0.37427,0.00035,-0.01608,0.00000,0,0.0211
35.953,HOLD_LOW,5.00,5.0000,4.9997,0.0006,0.0001,0.37424,0.00032,-0.01608,0.00000,0,0.0176
35.973,HOLD_LOW,5.00,5.0000,4.9997,0.0006,0.0002,0.37420,0.00028,-0.01607,0.00000,0,0.0199
35.993,HOLD_LOW,5.00,5.0000,4.9997,0.0006,0.0003,0.37412,0.00019,-0.01607,0.00000,0,0.0198
36.015,HOLD_LOW,5.00,5.0000,4.9997,0.0006,0.0004,0.37406,0.00014,-0.01607,0.00000,0,0.0220
36.034,HOLD_LOW,5.00,5.0000,4.9997,0.0005,0.0003,0.37412,0.00020,-0.01607,0.00000,0,0.0192
36.053,HOLD_LOW,5.00,5.0000,4.9997,0.0005,0.0002,0.37416,0.00023,-0.01607,0.00000,0,0.0189
36.078,HOLD_LOW,5.00,5.0000,4.9997,0.0005,0.0002,0.37417,0.00024,-0.01607,0.00000,0,0.0250
36.093,HOLD_LOW,5.00,5.0000,4.9997,0.0005,0.0002,0.37417,0.00024,-0.01607,0.00000,0,0.0150
36.115,HOLD_LOW,5.00,5.0000,4.9997,0.0005,0.0002,0.37418,0.00025,-0.01607,0.00000,0,0.0218
36.133,HOLD_LOW,5.00,5.0000,4.9997,0.0005,0.0001,0.37419,0.00026,-0.01607,0.00000,0,0.0185
36.156,HOLD_LOW,5.00,5.0000,4.9997,0.0005,0.0002,0.37418,0.00025,-0.01607,0.00000,0,0.0229
36.176,HOLD_LOW,5.00,5.0000,4.9997,0.0005,0.0001,0.37420,0.00026,-0.01606,0.00000,0,0.0199
36.194,HOLD_LOW,5.00,5.0000,4.9997,0.0005,0.0001,0.37423,0.00030,-0.01606,0.00000,0,0.0174
36.215,HOLD_LOW,5.00,5.0000,4.9997,0.0005,0.0001,0.37425,0.00031,-0.01606,0.00000,0,0.0212
36.236,HOLD_LOW,5.00,5.0000,4.9997,0.0005,0.0001,0.37422,0.00028,-0.01606,0.00000,0,0.0208
36.257,HOLD_LOW,5.00,5.0000,4.9998,0.0005,0.0001,0.37422,0.00028,-0.01606,0.00000,0,0.0219
36.274,HOLD_LOW,5.00,5.0000,4.9998,0.0005,0.0001,0.37423,0.00029,-0.01606,0.00000,0,0.0165
36.298,HOLD_LOW,5.00,5.0000,4.9998,0.0005,0.0000,0.37427,0.00033,-0.01606,0.00000,0,0.0239
36.316,HOLD_LOW,5.00,5.0000,4.9998,0.0005,-0.0000,0.37429,0.00034,-0.01606,0.00000,0,0.0187
36.335,HOLD_LOW,5.00,5.0000,4.9998,0.0005,0.0001,0.37422,0.00027,-0.01605,0.00000,0,0.0182
36.357,HOLD_LOW,5.00,5.0000,4.9998,0.0005,0.0002,0.37413,0.00018,-0.01605,0.00000,0,0.0225
36.374,HOLD_LOW,5.00,5.0000,4.9998,0.0005,0.0003,0.37406,0.00012,-0.01605,0.00000,0,0.0166
36.393,HOLD_LOW,5.00,5.0000,4.9998,0.0005,0.0002,0.37411,0.00016,-0.01605,0.00000,0,0.0197
36.413,HOLD_LOW,5.00,5.0000,4.9998,0.0005,0.0002,0.37415,0.00020,-0.01605,0.00000,0,0.0200
36.433,HOLD_LOW,5.00,5.0000,4.9998,0.0004,0.0001,0.37419,0.00024,-0.01605,0.00000,0,0.0197
36.453,HOLD_LOW,5.00,5.0000,4.9998,0.0004,0.0001,0.37419,0.00024,-0.01605,0.00000,0,0.0201
36.473,HOLD_LOW,5.00,5.0000,4.9998,0.0004,0.0001,0.37418,0.00023,-0.01605,0.00000,0,0.0200
36.493,HOLD_LOW,5.00,5.0000,4.9998,0.0004,0.0001,0.37419,0.00024,-0.01605,0.00000,0,0.0198
36.515,HOLD_LOW,5.00,5.0000,4.9998,0.0004,0.0001,0.37419,0.00024,-0.01605,0.00000,0,0.0214
36.538,HOLD_LOW,5.00,5.0000,4.9998,0.0004,0.0001,0.37419,0.00023,-0.01605,0.00000,0,0.0232
36.553,HOLD_LOW,5.00,5.0000,4.9998,0.0004,0.0000,0.37421,0.00025,-0.01604,0.00000,0,0.0155
36.578,HOLD_LOW,5.00,5.0000,4.9998,0.0004,0.0001,0.37419,0.00023,-0.01604,0.00000,0,0.0248
36.594,HOLD_LOW,5.00,5.0000,4.9998,0.0004,0.0001,0.37417,0.00021,-0.01604,0.00000,0,0.0160
36.613,HOLD_LOW,5.00,5.0000,4.9998,0.0004,0.0001,0.37418,0.00022,-0.01604,0.00000,0,0.0194
36.633,HOLD_LOW,5.00,5.0000,4.9998,0.0004,-0.0000,0.37425,0.00029,-0.01604,0.00000,0,0.0197
36.653,HOLD_LOW,5.00,5.0000,4.9998,0.0004,-0.0000,0.37426,0.00030,-0.01604,0.00000,0,0.0200
36.678,HOLD_LOW,5.00,5.0000,4.9998,0.0004,-0.0000,0.37425,0.00029,-0.01604,0.00000,0,0.0250
36.694,HOLD_LOW,5.00,5.0000,4.9998,0.0004,-0.0000,0.37424,0.00028,-0.01604,0.00000,0,0.0160
36.718,HOLD_LOW,5.00,5.0000,4.9998,0.0004,-0.0000,0.37425,0.00028,-0.01604,0.00000,0,0.0239
36.733,HOLD_LOW,5.00,5.0000,4.9998,0.0004,-0.0000,0.37424,0.00027,-0.01603,0.00000,0,0.0153
36.755,HOLD_LOW,5.00,5.0000,4.9998,0.0004,-0.0000,0.37424,0.00027,-0.01603,0.00000,0,0.0221
36.773,HOLD_LOW,5.00,5.0000,4.9998,0.0004,-0.0000,0.37426,0.00029,-0.01603,0.00000,0,0.0180
36.798,HOLD_LOW,5.00,5.0000,4.9998,0.0004,-0.0001,0.37427,0.00030,-0.01603,0.00000,0,0.0248
36.813,HOLD_LOW,5.00,5.0000,4.9998,0.0004,-0.0001,0.37428,0.00031,-0.01603,0.00000,0,0.0151
36.838,HOLD_LOW,5.00,5.0000,4.9998,0.0004,-0.0001,0.37427,0.00030,-0.01603,0.00000,0,0.0250
36.853,HOLD_LOW,5.00,5.0000,4.9998,0.0004,-0.0000,0.37424,0.00027,-0.01603,0.00000,0,0.0150
36.877,HOLD_LOW,5.00,5.0000,4.9998,0.0004,0.0001,0.37416,0.00018,-0.01603,0.00000,0,0.0244
36.897,HOLD_LOW,5.00,5.0000,4.9998,0.0003,0.0002,0.37410,0.00013,-0.01603,0.00000,0,0.0192
36.915,HOLD_LOW,5.00,5.0000,4.9998,0.0003,0.0002,0.37406,0.00008,-0.01602,0.00000,0,0.0188
36.936,HOLD_LOW,5.00,5.0000,4.9998,0.0003,0.0002,0.37406,0.00008,-0.01602,0.00000,0,0.0207
36.953,HOLD_LOW,5.00,5.0000,4.9998,0.0003,0.0001,0.37412,0.00014,-0.01602,0.00000,0,0.0170
36.977,HOLD_LOW,5.00,5.0000,4.9999,0.0003,0.0000,0.37416,0.00019,-0.01602,0.00000,0,0.0243
36.993,HOLD_LOW,5.00,5.0000,4.9999,0.0003,-0.0001,0.37424,0.00026,-0.01602,0.00000,0,0.0160
37.014,HOLD_LOW,5.00,5.0000,4.9999,0.0003,-0.0001,0.37427,0.00029,-0.01602,0.00000,0,0.0201
37.036,HOLD_LOW,5.00,5.0000,4.9999,0.0003,-0.0001,0.37428,0.00030,-0.01602,0.00000,0,0.0223
37.053,HOLD_LOW,5.00,5.0000,4.9999,0.0003,-0.0001,0.37429,0.00030,-0.01602,0.00000,0,0.0172
37.077,HOLD_LOW,5.00,5.0000,4.9999,0.0003,-0.0001,0.37427,0.00029,-0.01602,0.00000,0,0.0241
37.097,HOLD_LOW,5.00,5.0000,4.9999,0.0003,-0.0001,0.37426,0.00027,-0.01602,0.00000,0,0.0195
37.115,HOLD_LOW,5.00,5.0000,4.9999,0.0003,-0.0001,0.37427,0.00028,-0.01601,0.00000,0,0.0180
37.135,HOLD_LOW,5.00,5.0000,4.9999,0.0003,-0.0001,0.37422,0.00024,-0.01601,0.00000,0,0.0204
37.153,HOLD_LOW,5.00,5.0000,4.9999,0.0003,0.0001,0.37414,0.00015,-0.01601,0.00000,0,0.0182
37.175,HOLD_LOW,5.00,5.0000,4.9999,0.0003,0.0002,0.37406,0.00007,-0.01601,0.00000,0,0.0214
37.198,HOLD_LOW,5.00,5.0000,4.9999,0.0003,0.0002,0.37401,0.00002,-0.01601,0.00000,0,0.0230
37.216,HOLD_LOW,5.00,5.0000,4.9999,0.0002,0.0001,0.37406,0.00007,-0.01601,0.00000,0,0.0180
37.237,HOLD_LOW,5.00,5.0000,4.9999,0.0002,0.0001,0.37408,0.00009,-0.01601,0.00000,0,0.0218
37.256,HOLD_LOW,5.00,5.0000,4.9999,0.0002,-0.0000,0.37414,0.00016,-0.01601,0.00000,0,0.0187
37.273,HOLD_LOW,5.00,5.0000,4.9999,0.0002,-0.0001,0.37422,0.00023,-0.01601,0.00000,0,0.0171
37.298,HOLD_LOW,5.00,5.0000,4.9999,0.0002,-0.0002,0.37428,0.00029,-0.01601,0.00000,0,0.0244
37.314,HOLD_LOW,5.00,5.0000,4.9999,0.0002,-0.0002,0.37431,0.00031,-0.01601,0.00000,0,0.0161
37.333,HOLD_LOW,5.00,5.0000,4.9999,0.0002,-0.0002,0.37429,0.00029,-0.01601,0.00000,0,0.0196
37.357,HOLD_LOW,5.00,5.0000,4.9999,0.0002,-0.0001,0.37425,0.00025,-0.01601,0.00000,0,0.0238
37.373,HOLD_LOW,5.00,5.0000,4.9999,0.0002,-0.0001,0.37421,0.00021,-0.01600,0.00000,0,0.0161
37.393,HOLD_LOW,5.00,5.0000,4.9999,0.0002,0.0000,0.37413,0.00014,-0.01600,0.00000,0,0.0201
37.415,HOLD_LOW,5.00,5.0000,4.9999,0.0002,0.0001,0.37409,0.00009,-0.01600,0.00000,0,0.0213
37.436,HOLD_LOW,5.00,5.0000,4.9999,0.0002,-0.0000,0.37414,0.00014,-0.01600,0.00000,0,0.0211
37.457,HOLD_LOW,5.00,5.0000,4.9999,0.0002,-0.0001,0.37420,0.00020,-0.01600,0.00000,0,0.0214
37.477,HOLD_LOW,5.00,5.0000,4.9999,0.0002,-0.0002,0.37425,0.00025,-0.01600,0.00000,0,0.0198
37.493,HOLD_LOW,5.00,5.0000,4.9999,0.0002,-0.0003,0.37431,0.00031,-0.01600,0.00000,0,0.0163
37.515,HOLD_LOW,5.00,5.0000,4.9999,0.0002,-0.0003,0.37434,0.00034,-0.01600,0.00000,0,0.0216
37.533,HOLD_LOW,5.00,5.0000,4.9999,0.0002,-0.0002,0.37431,0.00031,-0.01600,0.00000,0,0.0185
37.555,HOLD_LOW,5.00,5.0000,4.9999,0.0002,-0.0001,0.37423,0.00022,-0.01600,0.00000,0,0.0214
37.574,HOLD_LOW,5.00,5.0000,4.9999,0.0002,-0.0000,0.37416,0.00015,-0.01600,0.00000,0,0.0197
37.598,HOLD_LOW,5.00,5.0000,4.9999,0.0002,0.0001,0.37407,0.00007,-0.01600,0.00000,0,0.0234
37.615,HOLD_LOW,5.00,5.0000,4.9999,0.0002,0.0001,0.37403,0.00003,-0.01599,0.00000,0,0.0168
37.636,HOLD_LOW,5.00,5.0000,4.9999,0.0002,0.0001,0.37409,0.00008,-0.01599,0.00000,0,0.0213
37.656,HOLD_LOW,5.00,5.0000,4.9999,0.0002,-0.0001,0.37418,0.00017,-0.01599,0.00000,0,0.0204
37.673,HOLD_LOW,5.00,5.0000,4.9999,0.0002,-0.0002,0.37428,0.00027,-0.01599,0.00000,0,0.0169
37.693,HOLD_LOW,5.00,5.0000,4.9999,0.0002,-0.0003,0.37437,0.00036,-0.01599,0.00000,0,0.0202
37.713,HOLD_LOW,5.00,5.0000,4.9999,0.0002,-0.0003,0.37438,0.00037,-0.01599,0.00000,0,0.0200
37.733,HOLD_LOW,5.00,5.0000,4.9999,0.0002,-0.0002,0.37427,0.00026,-0.01599,0.00000,0,0.0198
37.756,HOLD_LOW,5.00,5.0000,4.9999,0.0002,-0.0000,0.37415,0.00014,-0.01599,0.00000,0,0.0232
37.774,HOLD_LOW,5.00,5.0000,4.9999,0.0002,0.0001,0.37407,0.00005,-0.01599,0.00000,0,0.0175
37.794,HOLD_LOW,5.00,5.0000,4.9999,0.0002,0.0001,0.37404,0.00002,-0.01599,0.00000,0,0.0201
37.815,HOLD_LOW,5.00,5.0000,4.9999,0.0002,0.0001,0.37407,0.00005,-0.01599,0.00000,0,0.0210
37.838,HOLD_LOW,5.00,5.0000,4.9999,0.0002,-0.0000,0.37415,0.00013,-0.01599,0.00000,0,0.0227
37.853,HOLD_LOW,5.00,5.0000,4.9999,0.0002,-0.0002,0.37427,0.00025,-0.01599,0.00000,0,0.0155
37.874,HOLD_LOW,5.00,5.0000,4.9999,0.0002,-0.0003,0.37435,0.00033,-0.01598,0.00000,0,0.0206
37.893,HOLD_LOW,5.00,5.0000,4.9999,0.0002,-0.0003,0.37435,0.00033,-0.01598,0.00000,0,0.0194
37.913,HOLD_LOW,5.00,5.0000,4.9999,0.0002,-0.0001,0.37422,0.00020,-0.01598,0.00000,0,0.0202
37.935,HOLD_LOW,5.00,5.0000,4.9999,0.0002,0.0000,0.37413,0.00011,-0.01598,0.00000,0,0.0221
37.957,HOLD_LOW,5.00,5.0000,4.9999,0.0002,0.0001,0.37408,0.00007,-0.01598,0.00000,0,0.0212
37.974,HOLD_LOW,5.00,5.0000,4.9999,0.0002,0.0000,0.37411,0.00009,-0.01598,0.00000,0,0.0177
37.998,HOLD_LOW,5.00,5.0000,4.9999,0.0002,-0.0000,0.37416,0.00014,-0.01598,0.00000,0,0.0235
38.014,HOLD_LOW,5.00,5.0000,4.9999,0.0002,-0.0001,0.37420,0.00018,-0.01598,0.00000,0,0.0167
38.036,HOLD_LOW,5.00,5.0000,4.9999,0.0002,-0.0002,0.37424,0.00022,-0.01598,0.00000,0,0.0214
38.056,HOLD_LOW,5.00,5.0000,4.9999,0.0002,-0.0002,0.37427,0.00025,-0.01598,0.00000,0,0.0204
38.077,HOLD_LOW,5.00,5.0000,4.9999,0.0002,-0.0002,0.37430,0.00027,-0.01598,0.00000,0,0.0211
38.093,HOLD_LOW,5.00,5.0000,4.9999,0.0002,-0.0003,0.37432,0.00030,-0.01598,0.00000,0,0.0158
38.114,HOLD_LOW,5.00,5.0000,4.9999,0.0002,-0.0002,0.37427,0.00024,-0.01597,0.00000,0,0.0206
38.136,HOLD_LOW,5.00,5.0000,4.9999,0.0002,-0.0000,0.37418,0.00015,-0.01597,0.00000,0,0.0226
38.157,HOLD_LOW,5.00,5.0000,4.9999,0.0002,0.0000,0.37412,0.00009,-0.01597,0.00000,0,0.0211
38.174,HOLD_LOW,5.00,5.0000,4.9999,0.0002,0.0001,0.37407,0.00004,-0.01597,0.00000,0,0.0166
38.197,HOLD_LOW,5.00,5.0000,4.9999,0.0002,0.0001,0.37407,0.00005,-0.01597,0.00000,0,0.0236
38.214,HOLD_LOW,5.00,5.0000,4.9999,0.0001,0.0000,0.37412,0.00009,-0.01597,0.00000,0,0.0163
38.234,HOLD_LOW,5.00,5.0000,4.9999,0.0001,-0.0001,0.37420,0.00017,-0.01597,0.00000,0,0.0198
38.256,HOLD_LOW,5.00,5.0000,4.9999,0.0001,-0.0003,0.37433,0.00030,-0.01597,0.00000,0,0.0227
38.273,HOLD_LOW,5.00,5.0000,4.9999,0.0001,-0.0004,0.37440,0.00037,-0.01597,0.00000,0,0.0168
38.295,HOLD_LOW,5.00,5.0000,4.9999,0.0002,-0.0003,0.37437,0.00034,-0.01597,0.00000,0,0.0219
38.315,HOLD_LOW,5.00,5.0000,4.9999,0.0002,-0.0003,0.37435,0.00031,-0.01597,0.00000,0,0.0196
38.333,HOLD_LOW,5.00,5.0000,4.9999,0.0002,-0.0001,0.37425,0.00021,-0.01597,0.00000,0,0.0185
38.355,HOLD_LOW,5.00,5.0000,4.9999,0.0002,0.0000,0.37415,0.00011,-0.01596,0.00000,0,0.0221
38.374,HOLD_LOW,5.00,5.0000,4.9999,0.0002,0.0001,0.37409,0.00005,-0.01596,0.00000,0,0.0186
38.398,HOLD_LOW,5.00,5.0000,4.9999,0.0002,0.0001,0.37406,0.00003,-0.01596,0.00000,0,0.0241
38.415,HOLD_LOW,5.00,5.0000,4.9999,0.0002,0.0001,0.37409,0.00005,-0.01596,0.00000,0,0.0170
38.434,HOLD_LOW,5.00,5.0000,4.9999,0.0001,0.0000,0.37412,0.00009,-0.01596,0.00000,0,0.0195
38.457,HOLD_LOW,5.00,5.0000,4.9999,0.0001,-0.0001,0.37418,0.00015,-0.01596,0.00000,0,0.0225
38.474,HOLD_LOW,5.00,5.0000,4.9999,0.0001,-0.0001,0.37423,0.00019,-0.01596,0.00000,0,0.0167
38.495,HOLD_LOW,5.00,5.0000,4.9999,0.0001,-0.0002,0.37424,0.00020,-0.01596,0.00000,0,0.0218
38.513,HOLD_LOW,5.00,5.0000,4.9999,0.0001,-0.0002,0.37425,0.00021,-0.01596,0.00000,0,0.0180
38.538,HOLD_LOW,5.00,5.0000,4.9999,0.0001,-0.0002,0.37425,0.00021,-0.01596,0.00000,0,0.0246
38.556,HOLD_LOW,5.00,5.0000,4.9999,0.0001,-0.0002,0.37426,0.00021,-0.01596,0.00000,0,0.0181
38.575,HOLD_LOW,5.00,5.0000,4.9999,0.0001,-0.0001,0.37422,0.00018,-0.01596,0.00000,0,0.0190
38.594,HOLD_LOW,5.00,5.0000,4.9999,0.0001,-0.0001,0.37420,0.00015,-0.01596,0.00000,0,0.0184
38.614,HOLD_LOW,5.00,5.0000,4.9999,0.0001,-0.0001,0.37424,0.00020,-0.01596,0.00000,0,0.0206
38.638,HOLD_LOW,5.00,5.0000,4.9999,0.0001,-0.0002,0.37429,0.00024,-0.01596,0.00000,0,0.0237
38.653,HOLD_LOW,5.00,5.0000,4.9999,0.0001,-0.0002,0.37431,0.00026,-0.01595,0.00000,0,0.0153
38.674,HOLD_LOW,5.00,5.0000,4.9999,0.0001,-0.0001,0.37423,0.00018,-0.01595,0.00000,0,0.0211
38.694,HOLD_LOW,5.00,5.0000,4.9999,0.0001,-0.0000,0.37415,0.00010,-0.01595,0.00000,0,0.0201
38.715,HOLD_LOW,5.00,5.0000,4.9999,0.0001,0.0000,0.37411,0.00006,-0.01595,0.00000,0,0.0208
38.733,HOLD_LOW,5.00,5.0000,4.9999,0.0001,0.0000,0.37410,0.00006,-0.01595,0.00000,0,0.0183
38.756,HOLD_LOW,5.00,5.0000,4.9999,0.0001,0.0000,0.37410,0.00005,-0.01595,0.00000,0,0.0222
38.773,HOLD_LOW,5.00,5.0000,4.9999,0.0001,0.0000,0.37412,0.00007,-0.01595,0.00000,0,0.0177
38.796,HOLD_LOW,5.00,5.0000,4.9999,0.0001,-0.0000,0.37415,0.00010,-0.01595,0.00000,0,0.0229
38.817,HOLD_LOW,5.00,5.0000,4.9999,0.0001,-0.0001,0.37420,0.00015,-0.01595,0.00000,0,0.0213
38.836,HOLD_LOW,5.00,5.0000,4.9999,0.0002,-0.0001,0.37425,0.00020,-0.01595,0.00000,0,0.0191
38.855,HOLD_LOW,5.00,5.0000,4.9999,0.0002,-0.0002,0.37430,0.00025,-0.01595,0.00000,0,0.0189
38.875,HOLD_LOW,5.00,5.0000,4.9999,0.0002,-0.0002,0.37433,0.00028,-0.01595,0.00000,0,0.0199
38.893,HOLD_LOW,5.00,5.0000,4.9999,0.0002,-0.0002,0.37435,0.00029,-0.01595,0.00000,0,0.0180
38.915,HOLD_LOW,5.00,5.0000,4.9998,0.0003,-0.0001,0.37437,0.00032,-0.01595,0.00000,0,0.0213
38.933,HOLD_LOW,5.00,5.0000,4.9998,0.0003,-0.0000,0.37430,0.00025,-0.01594,0.00000,0,0.0186
38.957,HOLD_LOW,5.00,5.0000,4.9998,0.0004,0.0001,0.37427,0.00021,-0.01594,0.00000,0,0.0236
38.974,HOLD_LOW,5.00,5.0000,4.9998,0.0004,0.0002,0.37421,0.00015,-0.01594,0.00000,0,0.0175
38.997,HOLD_LOW,5.00,5.0000,4.9998,0.0005,0.0003,0.37417,0.00011,-0.01594,0.00000,0,0.0224
39.016,HOLD_LOW,5.00,5.0000,4.9997,0.0005,0.0004,0.37416,0.00010,-0.01594,0.00000,0,0.0190
39.036,HOLD_LOW,5.00,5.0000,4.9997,0.0006,0.0005,0.37409,0.00003,-0.01594,0.00000,0,0.0199
39.056,HOLD_LOW,5.00,5.0000,4.9997,0.0006,0.0005,0.37412,0.00006,-0.01594,0.00000,0,0.0200
39.077,HOLD_LOW,5.00,5.0000,4.9997,0.0006,0.0005,0.37415,0.00010,-0.01594,0.00000,0,0.0219
39.095,HOLD_LOW,5.00,5.0000,4.9996,0.0007,0.0005,0.37422,0.00016,-0.01594,0.00000,0,0.0172
39.115,HOLD_LOW,5.00,5.0000,4.9996,0.0008,0.0004,0.37429,0.00023,-0.01594,0.00000,0,0.0202
39.137,HOLD_LOW,5.00,5.0000,4.9996,0.0008,0.0005,0.37430,0.00024,-0.01594,0.00000,0,0.0223
39.153,HOLD_LOW,5.00,5.0000,4.9995,0.0009,0.0005,0.37435,0.00029,-0.01594,0.00000,0,0.0163
39.177,HOLD_LOW,5.00,5.0000,4.9995,0.0009,0.0005,0.37435,0.00029,-0.01594,0.00000,0,0.0239
39.195,HOLD_LOW,5.00,5.0000,4.9995,0.0010,0.0006,0.37436,0.00030,-0.01593,0.00000,0,0.0173
39.215,HOLD_LOW,5.00,5.0000,4.9995,0.0011,0.0006,0.37442,0.00035,-0.01593,0.00000,0,0.0203
39.234,HOLD_LOW,5.00,5.0000,4.9994,0.0011,0.0006,0.37441,0.00034,-0.01593,0.00000,0,0.0187
39.253,HOLD_LOW,5.00,5.0000,4.9994,0.0012,0.0008,0.37434,0.00027,-0.01593,0.00000,0,0.0195
39.276,HOLD_LOW,5.00,5.0000,4.9994,0.0012,0.0010,0.37424,0.00017,-0.01593,0.00000,0,0.0232
39.293,HOLD_LOW,5.00,5.0000,4.9994,0.0013,0.0011,0.37418,0.00011,-0.01593,0.00000,0,0.0170
39.313,HOLD_LOW,5.00,5.0000,4.9993,0.0013,0.0012,0.37415,0.00008,-0.01593,0.00000,0,0.0201
39.335,HOLD_LOW,5.00,5.0000,4.9993,0.0013,0.0012,0.37414,0.00006,-0.01593,0.00000,0,0.0218
39.354,HOLD_LOW,5.00,5.0000,4.9993,0.0014,0.0012,0.37418,0.00010,-0.01593,0.00000,0,0.0187
39.374,HOLD_LOW,5.00,5.0000,4.9993,0.0014,0.0012,0.37424,0.00017,-0.01593,0.00000,0,0.0203
